1.7328145345698676,3.9731949489521985
1.449860469220068,-1.9115857867777493
-3.6029934788153053,1.9494425057054432
0.17346940576047404,-0.018034148774633524
3.214616275645901,2.592839023472786
1.6019826933844523,-0.37781568077197414
-4.281898892024372,1.135197773178249
3.6951530018932894,1.4330437224777781
-4.212468552567289,1.117245555955364
0.22332302975771473,1.1672967935495036
1.7491936906406214,-1.761048181061773
-0.060561030085696674,-0.7758295481613953
-1.952562956563328,3.9975717426104826
-0.38307625503398296,0.40167831813312627
-0.6240142398050627,0.9055240711832079
1.9435087160971394,-3.40959692921773
2.456227482577877,-3.3831513765761763
1.3908915838549138,0.3519695326938326
-1.1432567950258685,-1.7685175936141826
0.7740686495086836,0.5279220222033453
3.9040888143928956,1.4091455540933884
2.570328788965178,-3.9720363756890693
1.719023514985345,0.5136125370552533
-3.09574548318974,-1.7607304126860917
0.15579868604899552,-2.0508172680979193
3.599873816231037,2.148437397478345
3.86343344617461,3.1572145294785967
0.6005435750590133,-0.5959237714261905
-1.0048497198408066,-4.125383556874902
3.630881676660422,-1.1601195708529353
2.649016896095603,-2.753773063786356
-1.5241905337841823,1.2113323975365642
-0.4587180413239775,-0.7678746565195792
1.1751624157346547,0.5670948394666667
-2.2676387504557636,-0.04696252519169031
-0.6256392796106184,1.8038741374954155
-0.20456684437350542,-0.10925371816197132
-1.5513340322772127,-4.202326699944035
-3.254072963844898,-2.482725193853343
3.5442844234829636,0.7646478217134794
-0.288906139290727,-0.37867621568265025
-0.8077516579755165,-1.1531698771582264
-0.17534665454102194,3.881144296272741
2.110574228766151,-3.8798134901610792
0.04535742382708508,-0.3477396914674706
-3.526051681093511,1.3423872282476605
-3.1420008041319027,1.914258734811701
-0.3952718860754022,1.2352777044099559
-4.193376801311603,0.9525695106607242
3.907261665491058,1.1082240968068213
0.8664079073098271,-4.714499842000426
2.457120612234712,0.43825344912279474
3.016136933097874,2.31105597017919
3.745061450401908,-0.6038369166586725
-0.10568259478072842,0.40047307750704025
0.15631591739641262,-0.4237480344662186
-1.3612709523810738,1.0146145099278103
2.388695288860205,-3.3857206158735624
-0.1683742759649375,4.758940198491798
-4.808320585767968,0.8399790846643439
1.1405102561733143,0.8465266759520992
-4.7636958841135915,-0.4204885432956831
-0.4663899043584624,4.092345857841619
3.9745964383930055,-2.047931785602714
-0.4848187477080521,2.1659959850292614
0.6942278310638333,1.7133073142524418
2.9490119673494113,2.272386139201241
0.007081515998437514,-0.008281786407646239
-1.852783502666334,3.3207309681033554
-0.0017451646041901933,0.001219944441529732
0.35872367118514953,0.18489648706365167
4.229342498448964,-1.2704641965815782
0.14586094275857012,0.12985418891388092
-1.1068141533467293,0.8340609637581937
2.5374618522179615,3.352975447677367
2.042204526084412,3.2727904833742087
-0.8934569266403737,-3.887953426411701
2.3070983499903495,-2.7654395419709488
1.282780460416049,1.3025846174743758
-0.3067276409728804,-0.3419215881124858
-1.481910921550808,1.308954479589024
-1.382105424026619,-0.2383028812231508
0.9938366736123386,0.8658511242168861
-1.3331353258038348,3.655520950960559
-3.754573654486286,-3.198642319040093
-1.2707971280029013,0.7982546089388437
1.0808143644047457,-3.483148472443684
-1.7754009177824714,-0.24470741623180706
-0.3718787807121998,0.2871452855594104
-3.7455453971846486,1.2165732805087084
4.536461822541715,0.8196447807704297
1.587759727586233,-1.7210824308149377
4.021844079850847,2.8535107318976407
4.071615152487186,-2.2331847553633213
-2.0387197895978733,4.169718557830784
1.446728069342689,-0.4199670308661128
2.2833589671675627,0.06572848660840806
1.5016414016440152,-0.9894469706645476
2.648756681800924,-2.454003584336683
-1.856369562550336,-0.46996508370249457
-3.4381396650502682,0.6678685289345104
1.6936916212127873,-4.169723379858684
-0.7411045791149584,0.4995849308314245
-1.6835978293146394,-3.7342686793128244
-0.010984140909451063,-2.4479516652660647
-0.14733591110667682,-0.3438838566985202
-3.8835005742383277,-1.9421559500450887
-3.330090861370851,-1.621227601982104
0.6893220983259484,-0.5531463806509094
-0.9168452388648002,0.5130493056371002
0.0015912169279598935,-0.019543678708817944
3.6587993567024313,2.4917514754122982
-3.9635002770899863,1.152431244210408
1.6241302738808892,4.322845407249514
-0.6186124633278637,2.114497228528783
2.966221094824326,3.720647453439845
0.40548770874879136,0.6539564218312481
-2.685547981346553,2.3317399929606837
2.7768060328635444,-3.0302046628743664
-0.1525351516924297,1.3868953721756736
0.806044799497108,1.7867466670556698
-0.711820999049044,-3.6131319098096015
0.11595902695830321,4.201438757015375
2.3898328727058913,-3.313811716103068
-0.9990062892155624,0.7457191044569662
-3.885275024119146,1.0508113070489964
-0.5087949848665688,-4.110908237215752
0.9929318293180455,1.4731028284924301
-0.07502675167425099,4.487629256213319
-4.44514845237378,-2.126352984576032
0.33874720303642475,-0.5897561546016058
2.0314104555550405,-3.468783140245293
-0.8065707172976218,0.7414714331056453
1.159706859041022,1.3503955966180559
-0.4031429460404905,4.839574205371183
0.7696889337946365,2.0196242950467256
-1.7821791346225804,-1.3747674227191662
1.186770475142971,-1.8119992144749406
0.06609948456813998,0.876730978693022
-1.8794552625966572,-4.363468550282566
1.138459352949176,-0.6698664264245119
-1.581973468814211,-0.6421108259235245
-3.129914424599962,1.964520763737335
-1.2641714211476704,1.4848494626778475
-1.8388229305268573,0.5849166413418604
-1.1000275519054252,0.4623636908799807
-1.67290993574288,-1.237977950799917
0.4699544476229475,-1.4545912040621445
-0.28755115314334745,4.24146024733229
0.2226424903342107,-0.6329545607252207
0.013945743332291016,0.9234413886067492
-3.385388520408585,-2.511873081429222
-0.10888952934150145,0.014931905552401984
-0.20839182124296868,-0.9089451283550003
0.7676665492759804,3.5941127712648577
4.537856400468379,-0.6486134490994208
-0.6149950300386502,-1.4334069499621775
3.212741756806102,-2.0848070664567926
-0.5013408839964427,-0.34357702613827734
0.2061401640416326,-4.247135887390532
-1.561259610372188,-3.206438058398855
-0.02669257552636701,0.17056261868416028
-1.511212947925513,3.2073911167022264
4.757176505838341,-1.498266511432406
-1.2242107295473612,1.190764007317263
-1.0697082005580656,4.700285343014037
-4.595539701918316,1.8877100842992591
-0.0012856724390987915,0.00840854900659089
-3.497740019637949,-0.5900089619022796
-4.461450476020675,0.6147251128525666
-1.7245737043042728,-1.6783196687456925
-2.1937507494421538,4.343608126753089
-0.0036069243607820536,-4.268176489351193
0.10961482583220139,-1.3147471894105278
0.9453554928050256,-0.40892350559736795
0.5345810633622459,2.3963871188043675
-0.9067208299540663,4.353954170234137
3.06976914398089,-3.3826171910149303
-4.039869254613393,2.517025043281848
-2.4642792309063712,0.4170071288792964
3.6776494622379032,-0.44997522236038434
-2.9983977220234332,2.11840267130593
-0.868037318058622,4.551981033199737
-4.700138476946577,-0.670619969588259
-2.2296942062135203,0.6620647541396755
0.9766322534966223,1.4208820259852089
2.172997427997321,-0.06754439605283431
1.8176052315855589,1.172064176358245
-0.6164190885592442,0.8709659493063826
0.24905423766582427,1.7230098514284058
-0.5690100693148393,1.2485579460079235
-0.748697109738766,1.4029978001649364
0.3349817394526881,-0.23138855614785572
-0.6011320060094232,-0.3292968304681508
0.19196817431719274,-1.0110162384429044
0.1967658202797416,0.6026374161729935
0.20600734658448763,-0.191469708871204
0.25538107006579347,-0.5163015905230832
-1.80336313671566,0.5790230939821399
2.767589824000449,-2.3088428381363997
-2.0586994510140015,-0.9713321841719055
-0.17508815697706762,0.3228483485886943
3.0885672480336215,-2.469120235824664
4.110115957197211,-1.1847908877209388
-1.4530651193154922,-0.9088274878507238
1.3429585930144046,0.9359207697900633
3.756236507209036,0.4411228749158958
-0.017464331815175958,4.38048774730967
-3.8616195334348755,-1.7713766718684298
0.6840735553155989,-0.09153983063152135
3.760343449726146,2.9817450688862412
0.4858547249002892,-1.3008459948208515
0.3813831866176901,-0.47564063452329125
-1.1334806156104538,1.7466560793965977
-1.272420711939596,0.6694021650302117
1.538992721054129,-0.4698731660016628
-0.486903664656733,-1.1907944588243664
4.47996251820412,-1.7722045173091299
3.7090405710046155,0.8340768573757643
0.33416664645503946,-0.014479487836038123
-3.669441135069464,0.89537436187936
4.829825203724975,-0.8496046780276055
-0.3524079067608292,-0.4329437163766594
0.17612775785841214,-1.53736237947891
-1.7936343198933495,-0.04998116569583605
0.32449781196994065,-0.08731494099116849
0.8890519115913912,4.440903138041326
-0.5610752449990495,3.7135769081206575
0.0004194727515519041,-3.602718583296142
0.026439263956373395,-0.004381799507986925
1.0065928062173002,0.7149654170079678
-1.6464218232102412,0.5045697852479959
3.745512628070495,0.38821734702236166
-4.326046840240688,0.6186316850541763
0.6457757590766339,-0.8271357731012259
1.683885669429609,-1.8056217975076132
-0.3644262883390623,-0.46361493993430086
4.343040961749838,-2.0103990368019784
-0.8188583940806244,-2.181460308798559
0.923675157666732,-1.7225971235531734
0.5085839197690248,-1.0335547711619508
0.3237747167626071,4.924566105445294
2.0432079651077584,1.3371444356524862
0.33524343993079525,4.297706165030636
-1.4469037173014359,-0.39010093319498323
-1.1204689083930974,-0.13354782662094095
-0.4970555058494487,-1.2017650098093822
-0.1230900134870512,-0.2725340597105573
-0.14835673701327162,-1.4160505043222757
-0.4819587007039217,-4.3293029983905
-1.7861840845078611,1.1611616564283633
-4.6393639950422685,0.5892896929709639
-4.984726757445261,-0.36309439424660334
4.744884737141294,1.3145035966015188
-0.11243611054325646,1.241185241920103
0.8756670008593141,3.562022126576841
-1.4818890023342026,-4.684923901429847
-2.503463125917182,3.9895448055401466
1.3466366514321093,-1.7818630630345518
0.05312353421635775,-0.061508636522146734
-0.2883057458051167,0.15599697008354116
-0.04226128548568482,3.7016766042188713
3.8598678549883347,2.8338520200761073
-0.12566213382702618,-0.34956328033709044
1.3429322349790473,-3.385989685751924
0.08328931444759508,-4.362211574510072
1.5795744909612226,-4.208821022557253
-0.6398483487799101,3.469053535170496
0.046424035916689754,0.7193830772999021
-3.4996778993198587,-0.7019954931586335
2.2519820048287484,2.730801722775324
0.39442961639186147,-1.03134260146299
2.2571345332655186,3.2542442935365687
0.5585290812960788,0.370442207890503
-3.8957869152606506,0.3219212738873107
-2.0743077287604823,1.1211537798017355
0.3959561794062007,0.8436638806098486
2.720668989879096,2.828389160246037
3.5682202406599313,-0.3359143770056624
0.19513047539848566,-0.14442866895093373
-0.257288030684347,1.8363557240520227
3.6313992655782332,-1.2912101719104783
2.206590377907828,-3.185048783931697
-2.256172021618899,4.132581139240211
3.2246470980131203,1.919360410599468
0.8812324981374036,1.0178431855433168
-0.9735170680434561,1.203188637641819
-0.5937286771292383,-0.5549914652512115
-0.35488713512594267,1.6141991912202214
-4.7962923660994585,-0.2872409751445641
-3.6351794157711566,-0.5284835099958874
0.4846672835228254,1.3572302444816735
1.4425327544315503,0.16921284789459465
0.49992373894815756,2.3268628900639667
-3.3384818930233062,2.688912046259034
0.30359857827311343,-0.5170993179614731
0.461410648343394,-1.4294822477302573
-0.12280565173566876,-3.6345953484155094
-2.108724302165315,-3.5316198616696672
1.5850035641560096,0.028724423137060914
4.023044100898043,0.9731670926623893
3.0554992183707728,2.022905363033432
-0.05205998409567855,-1.0722867342111462
1.0431250078654364,0.6781307968524426
-1.616791384057607,-0.8546076014208669
-2.6311344041519207,-2.8309289761986385
-2.5491448007464936,-2.6219314480061016
-0.39352703972420366,-1.2830325791647623
-0.2812583314580728,-1.763959128020582
-0.5289309005760527,-0.7207484313321091
-0.046068873734128546,-0.026220618345412876
2.7687737949273625,-3.2963035506138354
0.21740170173925505,4.065828684326233
-4.694209734236017,-1.5864981969950933
2.45302198302867,0.15121126469695467
0.18190357084053282,1.5905329092665208
0.8881978137125273,0.4027471635689314
0.035911930197715776,0.8023634048827087
4.347247960280778,-0.9913678327743025
-0.04809478194401812,-2.211964271358975
0.26916938335689344,2.2412108356479354
1.868346303118707,0.6003400625518402
0.3452711134357428,-2.0178683835237514
0.6994843319694385,0.7578029433010574
-0.04165205262923167,0.14397936391045216
1.0422781363697329,-1.1016494633979206
1.6605151164454683,3.510778304369911
2.272346460536159,-0.7157016085046429
3.0818418216216337,-2.035227126859807
2.5838803361630065,2.6506633463187326
2.741336279857981,2.494883930432307
-1.1908751836829974,-4.116279292726777
-1.292175169835483,-0.8717486126674305
2.553745822640526,-2.977922379113328
4.207618315491164,1.3080206725612806
-1.9131545495721058,0.6893283889154965
-0.14944213163647485,0.5113290741024328
-0.44200088891560296,0.26769974238182276
-0.6900752481287317,-0.9368242780519556
3.218474357609377,-2.2885557136445316
-4.023781845461263,-1.0102462330218385
1.7044833576294223,1.788021536728612
-1.0325152644643931,-4.498841818829178
-0.7901181256007254,0.8141208940367012
0.797229766367278,1.327819199649967
-1.035779375621777,1.2881992061164735
3.5843686991283543,-2.0632525244908044
4.2571723499704595,1.5517010897122252
3.123012406759287,-2.030427705437097
-2.471330029896735,-4.232755198118794
-3.255596965819667,-2.240636987321412
2.9409717481346322,-2.297482927197922
-3.920719179532149,1.2089836761112032
0.23611087203416647,2.2426754777614533
1.4001162477088227,0.30900301176035416
-1.0483718418895027,0.22296886031257798
-0.45433098736830624,0.6712499525721843
-4.953309267029723,0.11521537411738113
0.11086384305959551,0.4503518987741275
-4.195170770505475,-2.1176183564577333
2.248255224144574,-1.0357963381899045
-0.38225864837799045,0.7938106235557341
-2.879040785304129,-2.404660989991569
-3.413601828439025,-1.5524757121241026
2.1210448891487332,-3.0826378000316272
-4.600148768564754,1.1270292227595946
-1.0134227004901484,-2.0960719490482824
-2.9513045478396145,3.4861670590170397
0.27176299497333334,-0.013375278300896616
-3.9326804438616154,-0.8784561769918158
3.77009063947481,1.3387330888001805
-0.08334111617766597,0.18968037447888444
0.2848610923555626,0.05772013937982985
0.4534627528262991,-1.413477238684992
-1.1620193275789674,3.4141972508364167
-0.12873301663348846,-1.1904687427569915
-4.17867401283862,1.5443691068023129
1.019837723062273,-1.2530888069221
-1.3189274943924159,4.76863637644522
-4.595667506516597,0.09911443364460519
-0.027000476024269086,0.5494713735046092
1.766194091245366,-0.0058947047914592226
-0.29608736389210943,-0.4013968754451929
-1.5498896820782382,3.4560574977727905
1.3483178944452332,-1.4872363674870692
-1.2693463786471415,1.4823923206514864
0.10366029023097403,-0.05096610745239649
-1.9990736013026658,-3.981163778867114
4.353875880199547,-1.1948463547202846
0.0025596461804049766,-0.006310753645499118
-0.49644665686318645,-4.424843990565511
0.805002113354534,-0.040292067053740784
-0.848574333931257,3.710022180338574
0.4558085113905276,1.0624899985735592
-3.054137492375806,2.7311163389483837
1.1420751209316211,-2.1699354795838115
-4.354094072732789,-0.27442474181673066
-1.5967742970027454,-3.2580203295581476
1.0615551596663684,2.009391278120019
-3.9299350821413617,0.2591278419824459
0.7866674979059625,0.3811663088388266
-0.6969135746858613,-1.3045613849779278
-0.38201367980613454,-0.28033009697279493
0.10772501586017429,-0.107110400868031
-0.6106264235306281,-3.7165512428071
-3.0456607791362607,1.7425207243672476
0.0364490808550781,-0.03132798733345137
-1.2889647134308233,3.7161911245470547
0.029101922932182472,-0.06013206586817066
0.1572828615338777,0.6516869643666753
-1.351879594516507,1.3027963893261238
-2.2541545153556237,1.0613956105088609
-0.09635634870161106,-0.06850020245037539
-0.15951713885896804,-0.08962029500852352
0.6468604180935605,0.9689803204654872
4.2777084305635285,-1.1032663244812884
-2.9096131788893613,2.2407213837655067
-0.04840551876357355,-0.027402824491961752
-1.852030870155578,-0.48245640323446104
2.512941570033719,2.47683651833503
-0.9573249812045783,0.45690958432322715
-0.012829459464116793,-0.7574660504044103
0.13460103310806523,2.371392674724283
-1.9585652805293525,4.518598591221642
0.0789152556707531,-0.08145761825033847
-0.4674934604331355,1.6813223413528846
2.8281249715397516,2.383799022342589
-1.9014059053718204,0.3847517184132677
-0.23971889769037646,-0.12121265382541903
-4.643284052101204,-1.3905384854102156
2.021812512986879,-1.2081491430149913
2.452412847879703,0.20110598064879973
-3.244662760972665,1.5637385488373572
0.001784363852375973,-1.2484421548056819
-2.1926967071235475,-0.47816483404897386
0.5372788717623185,-1.6569840479338802
-3.2698854680417813,-2.1808589154482716
0.9485864910826135,-0.9868798497373327
0.8800507272445539,-2.0686439226669187
3.4851140837784755,2.442472620798216
1.6815149298475938,3.8734508635206994
-3.5662060794944255,-2.6949883730623667
-2.2584742317916944,-3.98066336691787
0.5975377478256144,2.133360450610779
1.1971867345450868,0.748297855320193
4.521613104012093,1.493658881704959
-1.484505480351527,4.0661300118044394
3.346545473099274,-1.560892029227789
0.7208729815096423,-4.797798593413854
2.5097452414040835,4.312288593019669
0.2488137080348142,-3.7574390993236015
0.8569534862927173,-0.4401763078743499
3.2199232632734565,-2.733490648137987
4.040460591937799,2.441988288376614
2.5236574585422242,-3.081721622773458
-0.30621200897346035,0.14048409763999317
1.1787634463699181,0.5129067706424845
-1.3270055625689476,1.3354350229491616
2.0963495696698993,1.1870927123263402
-1.7867977590668827,-1.7443431825795943
1.387100231101051,-1.5003176613667495
-0.3174457340151372,-0.3270977718064466
0.18610217865555215,-0.01589756828832306
3.2654559495335103,-2.191263863231723
-0.5573248970467899,0.9949545062675658
-1.8239875166785429,-1.138981589116903
0.13171957341622373,2.1734625388684217
1.1508929588344252,2.081642879794679
-1.1576671640188463,3.326445939312756
-2.517046756331645,-3.9128504766868546
1.298531260606878,-0.9679472811876498
1.6862447944426042,-1.537496934567329
-1.483325447659646,-0.18336658437957837
-0.11345273416777239,4.647310438825708
1.5690266363094814,0.29013620776480975
0.1686384427162044,0.15590939779750834
-0.10534802904938592,-0.2441572277635467
-3.0862533614977727,-2.2464436197851954
-1.9387107704271063,-4.086208374714306
0.5765736140641914,0.7342343072195003
3.552336840103811,0.46552933252693085
1.1857045099191725,1.7271047269170006
2.7051697709819953,4.002538308128829
-1.6587952650177786,-1.406376551078425
1.7303077449002096,-4.592481249183111
-0.12349413070834013,-1.6881084918125684
2.3692482073910996,2.7808293496151726
-1.7531981810717832,0.3024120088676923
0.3492594166755937,-1.2398491235013676
-3.2163227516645683,2.8583326224260097
2.6022228031002816,-3.2973192704415517
-3.705085453711344,0.906456327810575
-4.896467173414825,-0.400488832626525
0.07708579605377414,-0.22195472246528364
0.02421419335195654,-0.29236279859782616
-1.9375484004271653,-4.569118106491861
-0.1956884371956123,0.379808061787409
-0.21249113164441227,-0.12315784499131545
-3.7282588498257523,-2.080464758638212
0.9285927060597228,3.723677675510291
-0.1356525103256359,0.47314854719818694
4.728355209818987,-0.31447090051625887
4.8978332584016515,0.0017155447770779357
-4.091461283469327,0.4070041348473635
2.1946966011910773,0.41326406501033436
2.9694993253959385,-2.3880570074895524
1.895675666943551,1.0557682594785454
-0.615158872664315,4.40742953800506
-0.21345225889184147,-4.017519784988396
-0.3018632350674869,-3.503278328980802
2.101955984879773,3.040008374580324
1.5467831637794214,0.36160332601175765
1.908480109804096,-4.163261076891864
-0.7961294476903857,0.27802018234272874
-0.8335757610811584,-1.776375014432576
-2.216985744572844,0.5874573904072199
-0.5654379895367426,-3.819872584894143
2.2049009192145443,4.315609756374149
1.87109236323869,1.3140486685626842
1.0432172426394384,0.8009348285337442
2.199732316716833,-3.765902727829167
0.09596682825329059,-0.1404166909160841
0.3101376253871003,-4.12452679902623
-3.525176053908751,-0.6437465635642647
-2.3808160251065504,2.817750019808767
-2.122178164592158,-0.09644070435995777
-0.7930238410372797,-0.9346814416316868
-4.626280484827465,-1.509117044186333
1.5702852887468515,0.3449706440070699
0.04094001842795469,-4.388474073852102
-0.6390641493010951,0.90300818914898
-0.693957186350167,0.11318906790343043
2.0619943670391723,0.7415420494107265
2.7055594786068937,-3.9694003057328984
-0.4207547141269951,0.08448735356236267
2.314268502740999,0.8327407818414794
-3.8392800187363285,0.2293140442148882
4.62429914600535,1.6730191444127116
3.889540305575567,-2.156170553988165
2.340974849624314,-3.474975461298524
-0.8399371574391596,-1.5051333164088816
-1.164461823483949,3.7136298786767803
3.2496042203677438,3.3381243491470864
-0.9579294896513337,4.803970120744253
-0.5053567455615006,1.9706673483275525
4.362182787241118,-0.632498751805892
0.6221059473554451,-0.8761700981711845
-0.17609724508060995,-0.40131397318309986
-0.1698802066430169,-0.40358036958040083
-2.0288979985375852,3.4726549597073983
0.43434262485475245,-0.9095963994651096
-1.4304090084756922,-1.179237535161945
-1.7459465634063995,3.5132575563668675
1.2472962075762024,0.36570703600428106
-3.290008891875802,-1.3312245127751305
-0.30876473188506304,2.375910958236094
-4.0089517242140085,-1.4142913879841572
0.10549250921822936,-0.13402295243760892
-3.4904316037898266,0.2672800587699489
2.0110238855750087,4.334810496181455
-2.913848165775892,-2.908709880108163
-0.8737645533338302,0.4115927032673826
-1.6935908881748345,0.9683528504794072
0.2651649186726498,0.3132466479348048
0.70780450978649,-0.3045261861384762
0.38163982553622394,1.1725509434324843
1.2015461857836118,1.1692055284193406
-1.6005796558213536,3.9695713390066087
2.3784589444168094,-3.6343671182171704
-0.1524197382021544,2.0530852685947227
-3.5878788842434366,-0.027053166881407752
-2.1662782596693115,1.083139625173535
-3.998901656677102,-2.768377137874262
-0.4482319737730686,1.9991137929377145
0.24357681722806573,-1.3914590369848039
0.48978536357023655,-4.540889772260041
-0.21915989131083913,-4.552067488149733
4.218000735483007,0.9124906084187681
2.7625712891026986,-3.9586809726897916
-0.20253881540876006,-0.2179258836433514
2.4150147140362535,-3.5122827653412854
1.1542473152993906,0.5037338465486793
1.0854323482329185,2.2085201774380443
-3.8384923758250515,-2.2720054076490643
0.5209934431099918,-0.24408918724497505
0.24338931734293986,-4.929239446778117
-1.593286894123988,3.331188451534533
1.8441692774555634,0.7328900585557259
-1.7289984438993269,-0.7656568040371811
-1.1566154230973738,-0.4480439989738439
0.7530977623540526,4.510479238001998
1.1978255919945766,-1.9721896697570591
-1.0047598845638932,0.7550984498287242
-0.3096393517429221,-0.5935455253180648
0.7890815519734619,0.866692342106447
0.8828269337146762,0.09789495099036033
1.0108922372670537,3.64522409328934
-1.9548271280457348,3.0791902195127454
-0.2413541167164364,-0.7224313702562274
0.12614811839456228,1.5024200471889508
-1.17147972496291,-3.471249956511441
-0.14225446980734946,-0.1339326075162321
-3.4190876929442453,0.8523994062667235
-1.8042823993110715,4.581755337791279
-2.0039117725826308,2.917170255020789
0.8149659618699274,3.9776251631071484
1.734247165973909,4.124162112179492
0.030029607041314566,0.0013003701782424407
-0.42241071306464173,3.917132518909456
-0.7455071290286118,1.1651968635084629
-2.888730538666104,3.1670592402750746
-4.274704933287996,1.0613832105671615
-0.322610293108085,-0.11875464617506462
-1.478871635607993,-3.9267379124835666
1.5598810194940875,-4.682268320454402
-2.384279905350692,0.19673250483536853
3.928075713112786,3.043188986098734
2.2564096801602034,-3.5640911855111925
2.4551846918303566,4.21853249659222
-0.6478526506385424,-0.9300727388664575
-0.010335537754374225,-0.011007701300872206
1.5247713128886726,4.724031843659551
0.472117960387552,-0.5252968771927612
-3.0816719840593527,3.336883682333632
-0.309834846561914,-1.0087864668022206
-1.319491305112161,0.7368573867137196
-1.8064107598091053,-1.3944834183016805
-2.022759132935988,-4.1948331404870105
0.9060214863016944,4.2814917825676995
-2.294388778857388,0.33945788312870534
1.9088245847450036,0.6622469707353984
-3.0415134543348303,-3.7218878588817264
-1.6279916505083807,3.2931559798275973
-0.03621308941939882,0.9044850765718688
-0.9622264876404664,1.127549094347733
1.6568475372179288,0.7519269509627696
-1.4945003092434503,3.2984349848667973
-4.464440385661527,-1.9784141078251196
-0.11801053692008315,-0.09130508323503198
1.5202072390089583,4.560981377231958
-4.414514741785853,0.8263538018334152
-0.6367060379273988,-4.541983219713059
-0.29983562442857736,-1.7848267250938425
-1.8917849998964045,-0.4129142630169265
3.323266219176483,-2.9789170269309477
0.13293308836412843,-1.7747780475874546
-0.4179755918678826,0.9208522139147373
-1.8018553832187603,1.3792211540445836
1.2226070197256316,0.7691439943850136
-3.458557918774324,-2.442668810677748
3.325581078679063,2.2268991494529953
-1.6251309001154772,1.788381011415639
1.978757001705058,-0.13343784874379544
-1.2356164964734684,-3.321031168605262
2.6704589773958336,2.714915798522939
0.021324866532613812,-0.1469417807495813
-0.7867560891036833,-0.3478241737654105
1.5479726941474492,4.3513996942963065
4.120402470227366,-0.022470148957516516
-2.415651551109986,-3.177188584213572
3.30992080288117,1.9950927405955228
-0.6836335249686052,4.760812249445678
-0.3248939022112161,-1.523407769317843
-0.10206089632818124,0.03840132708060012
-1.58532607116635,-1.1938586141056258
2.8319067176825397,-3.5996094927178564
1.0060119011807422,0.5608117698602911
-0.4034408549838903,-0.4887716417445369
-0.5288528726093292,-1.5964000581718178
-1.6294469480653617,3.5054334901172015
0.43660237952302494,-1.6022360716634905
-0.02821971284547984,-0.3557438446010755
-0.41710981748565823,1.5920759465589223
-0.8615994128142124,0.23083126770995946
0.09708660488757374,4.479669318138501
0.22948430162308647,-0.11245941007516981
-1.6774705384239341,4.434441212548216
1.4791086850516635,-1.3112402595131953
-2.655130222997676,2.3081482135500475
1.6276204857710324,0.290095353661461
-2.455430313327925,0.18973020221868198
-3.6213235711355196,1.4316623212546056
-3.9375746311148703,1.9594250380800837
3.9127194229071476,-2.0019617532744256
0.20095581819316705,0.5889360381969495
-1.4088632179976288,-0.9981697743944841
-0.0615608573928135,-1.6371027106934182
3.5306569214816,-0.7826539848877133
1.7406644496345682,0.6007399404439854
2.758989646786653,3.5012025614452367
-0.5343967882601842,0.31001948053813816
1.937404566996782,1.023361682076499
0.1426929192812675,-4.710405844030981
0.036587879782851024,-0.13762296868824797
-0.46688083711114536,0.6060943080879206
-3.746926594678011,-0.9111958447120881
0.19178517980239254,-0.33361925090210365
-4.168372732363089,-1.7661267254930282
4.271404423423704,2.093476343085926
0.21940935580535037,0.13636362069273472
0.8158025609498143,0.6369139255398005
-3.768620684549311,-0.41987860100165164
-0.5150705356009437,-0.01856565279339591
0.7196669077289416,-2.1226739108357218
0.6335901325268735,2.3282417033630556
-1.0650035771525086,0.3207549212053578
-3.062073657119499,-2.5306652777946863
1.914684415409886,3.8471085668824703
2.2008512992741656,4.211169439793656
1.3216765950668763,-3.478579823275914
-3.9054863511082623,-2.7109940491026445
-0.20875179641334546,4.990894973344933
-4.139004758747472,-0.14327609484223958
-2.2549808943580563,2.7282275186753746
-1.083480507425814,-0.8336762936734863
1.9268307240460383,3.9352164906441605
0.6199682728540857,0.17431141569102027
4.1567940649649655,-0.6929364133041318
-3.036301053895046,-2.0088062965205826
0.8185908309671027,-4.7794232880924845
0.6883446662178164,0.7221446264378161
-2.585567635750446,3.7661479395757818
3.1788181636725343,-1.5032288020175055
3.172158872884475,-3.751827340831847
-0.6785721225675119,-0.992370372130067
1.0019124715443721,-4.661309770608425
-0.27845055078181485,-0.14196664596234015
-0.17505254374190418,0.978284588136309
-3.568394825597353,-0.29944214497699395
3.3532435598717942,1.4418090586502283
-0.42012323320221956,-0.35539971490591327
4.23525772439827,-0.38782275579457715
4.899234281370173,0.950323643126842
-2.2377445290833293,0.19944854348683472
0.22687298681810944,-0.23653337137441166
-1.762495316553505,0.2641388174820578
-0.6532410141163084,-0.7077485387101461
-3.897849830137219,2.979548729290599
-1.6856403899859371,4.644569974002571
-0.21694881970066424,-3.8178648931979087
0.75954583161073,1.4485118930726897
4.143882634310516,-0.43722468564387196
0.03743634015174934,-0.5115065388154628
4.194801416862185,0.9746174940139792
-0.24989965116225302,4.358073509936709
-0.5000467050094288,4.297095807464928
-3.5277508433102165,-1.636475201302764
0.412174390045562,-0.3492473852080502
-0.7326385906437994,1.6541364597847483
-0.8851893848074213,0.7030060503677734
-2.608873130540589,-3.0427825710714855
2.5870263929525765,-2.7457316953282382
2.4959631754075784,-2.4591661456725786
-2.5157551380711096,3.043783740270914
0.1035740238090529,-0.5717195110924589
0.39939036228481073,-3.522136443008524
-1.7855223170443688,-0.07800010429888402
1.5334439428054556,-1.1301415619488788
-2.082798901625916,3.263790514663957
-1.7057090259743852,0.3401940217783267
-0.03247190623269206,-2.492207452140376
0.07014820111634736,-0.015444255533198949
3.658032671736314,-0.7491122082726429
-0.34247123294093484,-0.11436509993349593
-1.0437581638887519,-1.1749996061893195
0.0003270084735160249,0.00922183872980183
-0.68658259751349,0.06944520764189571
1.85842999436821,-0.6015013025604256
0.8141997015804886,0.12244311468398708
-0.16650947934243604,-0.10057730477934519
0.4678096751443933,-0.45050092405405495
0.4032023877458861,-0.37664678217501574
4.163690641042017,-2.131244536204101
-0.2655199322178588,-4.062401211258446
3.555908322227943,0.6460731170817857
-4.151602592750147,2.3265963901441333
-1.5544058942904597,1.3985962387661104
2.3168726425280055,-3.635561342786914
0.42776582626171145,0.34621973804239276
-0.1312011334981383,1.052052808360367
-1.5306660946056951,0.6172934117568097
0.20292240619167062,-4.852402592571362
2.880346078897958,-3.548647386893368
-1.300119528538489,4.090040648082872
-2.34060723005759,0.07442907654122377
0.04559778698735224,0.6738607478144163
1.410853988156264,3.5953384674406843
-0.12479386558526748,1.4470596631800725
0.8814304035969969,4.166888475348257
4.579437475568083,0.31218753253515386
0.6660199784458902,1.8780434853306949
1.4268042145311832,-0.642816983690255
-1.666278278265032,1.0628471809608195
3.8606254521976524,-2.628586646102423
-1.143158110153551,1.6837967702246002
-0.6007699596194476,3.790265525172606
0.28425255392486415,-0.02370990961416177
1.6312032001005177,-4.581713731828683
-2.5043422993876523,3.346540139159464
-1.6969590188624364,-0.6203737281152824
0.08521977282573538,-1.7205936458092248
0.19185217526010803,-0.1566703923421972
3.411261019097833,1.418828368750464
4.2477211151141905,2.414481104624168
3.279770001203413,2.939906598849618
0.5505147726377606,-1.190019932150538
1.7711616579008176,-0.9016865339957616
-0.8738344397640694,-4.494111639870428
4.307155814801866,-1.3036726456199246
-3.886824273555819,2.673576886828364
2.415548223429713,-2.878409414748817
-1.1180356133504321,2.0622376142689567
0.7109184504799172,1.156545631605079
-0.11434893059790409,4.286872907779533
-3.5062359540040644,2.7626248029756413
0.6475390526576794,0.29462918609728245
-2.092163015007572,-0.7105566496723507
-3.629541879660689,-3.2900182933904034
-0.44631857256624374,-1.90465928920259
-3.9414834317492344,0.26297322044490085
-0.9222345272709,0.39931710097090134
-0.4932882441866097,0.6567111370877484
-0.25789709277022127,0.19656936784044443
1.0950446417596607,4.799442237339913
2.6613147480884747,2.5052331208075445
2.174313353657454,-0.7747416163608554
0.3812504434985812,-0.03659925049487479
0.18486807426165053,0.46178688851962607
-0.09516934088435804,0.8528406371977267
0.7875510611073022,0.030493619950943025
-0.3208048058456132,0.3987848563114021
0.6082179634586088,-0.3136206815634063
-1.567928844385185,0.9093183126746425
2.680314476910769,-2.623396644765383
-2.1053356930781204,0.6557120767536164
-1.341940697386455,-0.3298112402604403
-0.23580950346591048,-1.934214192843704
-2.8015761725036996,4.138685056166288
0.04419355812902341,-0.4412452027172134
3.0260054536877963,2.547731597014347
0.83626723882329,0.1658413866506123
-0.19176732748519087,-2.4112841755985346
-0.8429741846457041,-0.5801369123829672
-1.8330553041318898,-4.463534809585204
1.1697585624776137,0.40702998099406595
-1.6048173478353553,-0.4828146370725131
-2.605030370194569,-3.772843332900731
-3.569784753670372,-0.34799936885160043
1.2371835679364591,-4.614336049884775
0.8613176348723947,0.7532086894254804
-0.3804072265689449,-2.2079670829206015
0.43241320989455606,1.5889364448980612
2.79156638755787,-3.96251205317924
-0.5999484328827822,4.524005376215357
-0.9906512241183097,-1.6528803517808843
-0.9316351929474906,-0.2658137923790215
-2.0734746942914506,-2.980208486146169
-3.1201266947984894,-1.716977039133881
-1.8134348327423102,1.565658234037725
0.11095169406807068,0.18799201946150076
4.452470317369114,1.0161288755987856
-3.255986257403941,-3.2944324024138076
-1.834891727907489,1.5263702423212373
1.390617367379811,-0.9227593025174016
4.011628097554147,2.7413214691539367
-1.7524996107446809,-0.9076167241500476
0.5489755356644253,1.2129537043402083
-1.9577462265259866,3.3449055102194
-0.3588093640864298,1.4577585286123649
4.311733826092622,-0.7947705584286964
-4.325131650048278,0.38811544494020395
-0.12480382728849054,-2.219805638897665
-0.5086530567889963,-4.520716494047115
1.3860747061567178,1.5397445787053654
0.5125303140348716,0.943203804499392
0.34709610212076875,-0.2599983264694718
-0.0414598486256661,0.5050609994522164
0.5917039255784609,-0.44739167590213963
-0.018708587853506483,-0.22187505683579803
1.012460662123819,-0.20117877738353523
-0.9373853278062757,-4.390560630831171
4.709122182205787,0.9578973210850777
-3.255062965612376,-2.16059707785529
0.5301099193744975,-0.7331477648749812
0.544249560907958,0.4304571875608556
0.4530987745345182,0.8073385221591058
-2.8456312523232996,-2.0798405213129323
-0.332948535980873,0.023234701017780978
-0.7204096025820539,0.187367616699898
-2.241668016906565,-4.177532670840214
-2.866036907351349,2.4564123322840197
3.66637484693018,1.0888161164656431
-3.654833047677801,2.461195100903224
-1.0917682846272683,3.540953526090518
-0.8514735412221681,-0.38538772326160997
-1.160842383696498,1.4476537405341958
-2.071029047399548,4.224737433635758
-4.729407642545809,0.40222234059715406
-1.0715917525625807,1.7020602204432327
-0.6985642635419044,-4.316000951829388
-1.1286293308045594,-0.35051147046149034
-3.1551252643181904,3.3407014504154593
0.7879679978135473,0.7406411058725249
-0.5733522925969342,4.786924557636097
0.09392211690100041,1.4508156147034905
-0.3783708289291551,-0.798809875333352
4.094462051727396,0.30368435878858974
0.42902855347214597,-0.4286098497274571
-1.0570157748771094,-0.6025003318922267
-0.11089772945495582,0.22475274111305096
0.3023219710810647,4.123500914327332
-0.8033286578192302,-2.1447389743018532
4.695802405216444,-0.20674291961493088
0.5184952189435957,-0.355462095933437
-4.095821116484582,-2.282286945646953
2.0624557926156504,-0.5851462768529871
-2.044794944686384,-3.9991306960807016
-0.13342197472429876,-3.968105147016906
-0.7709498451765344,-0.30923997779729356
0.08234332825370834,0.0774641458131859
-0.6042839809250917,-3.691815413694795
-0.21894251440320342,-1.4088514304351407
-3.2197735125799576,-2.97265276329981
-0.07498711898215163,-0.001188685571422818
-1.4064583618640727,4.547312400111798
0.49048608087507567,0.8460559538700169
2.3873992103849617,-3.97777143503649
-2.4800970220265643,-2.7666307233171636
-4.300396684448908,-0.08750426140819952
-4.149517073585169,2.469333826901087
0.5905227562283015,4.303152534965178
-0.012798966495461953,1.8049671635765134
-1.126477128177168,-4.674019278209655
-3.655582874186987,-3.142561011745032
-0.17659904424386388,-1.5828254296633961
2.011327522376748,4.040259889260899
0.3951728576432095,-0.030561196115816605
-0.6021104013835937,0.8145002377180232
4.080825505046851,-0.8292894804711286
-0.25007179658774764,2.208479470117874
0.5347355993195371,2.022090561722918
-1.8467626745309935,-1.1739418869485525
-0.06616902183037951,-4.508994034941848
0.3451537431714467,0.0864336091791319
2.9971272717084774,-2.2194192622651765
-3.4570854980869443,2.625801768517874
-3.8372735780922707,-1.5878325278800518
0.3448832537893275,-1.4916890352587246
0.2385126867125924,-0.1431936486782262
0.7419666718684136,-3.710802680201938
3.3185883265331144,-1.4866197706645765
2.5588179461943086,-3.0011582523844766
0.5702481854960073,-1.9971374006005644
1.6310830947721169,-3.6015114592364093
0.8431032181999003,0.32286434745236664
-0.9639053044868773,-4.194462135886267
-0.6549679002930996,1.3560963573890326
-0.6487434329201236,3.890286991998965
0.6428503561078454,-0.775700505112491
-3.944295710323893,2.7744963566231955
-4.029468549010658,-0.26526463630769537
-4.2687267054126705,1.7556256256715699
-0.3903607381179173,-1.9564751411080403
-3.1719425903754432,-2.0131596330410746
0.026890589646119675,-0.632478387246746
-2.277452136657077,2.743803793343907
1.5971278424959106,-1.0329961751871126
3.5847173606324443,-1.9383962862404647
-3.593313362986412,0.21524617835645285
-1.4081557654631345,-1.8573657195364786
3.3835899602258075,2.2632871890769635
-0.5092839406552991,1.49873436954481
-3.521495030688055,1.8504421339408825
-0.3036902000785911,-0.2615314418968709
-2.0288957521512856,4.089916167405582
-3.2506074191303274,-1.677352475324977
3.3433776652522242,1.3512149262556654
4.909059580111416,-0.7868152943171756
2.7902436902150205,4.022407150354148
1.6328972428291448,-3.854194909014955
0.1523942903369619,-3.9067229476645906
-0.05890083099466884,-0.11069326888918207
-0.6007136650117199,-4.821814702830711
1.5217964015610213,-0.2923120573403796
0.012274822561252324,0.06266330234134619
4.616333869051385,-0.22225328828256066
0.15968723959955697,0.4532986766814226
-3.6788913238734082,2.111689442183638
-4.447131427493853,1.442485240371778
-0.8170809023504946,4.337596534148939
1.1360402141282766,0.0310857464042415
0.37085974758601353,-4.239368463250023
-4.279458837470556,0.12971386873648533
2.070640752446931,4.011219745654287
-0.6759002138684188,-0.5450841131385562
-4.003593024384625,1.6761343044193393
1.966680925999625,-0.28076766004549036
-2.3911491134741114,3.0202078610870617
-0.21171965743350132,-2.15760762380502
-3.1074832906245957,-1.7634860747088332
-0.3096240053889936,-0.03277384546797167
-0.10933584805116425,-2.2463751808744945
-0.8940332054416507,-4.855407111672414
0.5414483740970297,-0.6130982054865999
2.8076972171268775,-2.9893036404516846
3.7052219736196546,-1.1108821695288174
-4.055077077916779,-0.6323235295918915
2.559186834831116,-3.773060053553925
-2.8854860268020848,-3.2187444607452336
-1.6480932728667634,0.6560446043195777
0.6117374393428345,-0.23084012216351707
-0.8610507364494568,4.595532026646778
-2.3473167304204527,2.9776340859404096
0.38501027651148223,-0.06061277688482895
-2.4553093849477565,-3.0634722649757387
3.7738740675886504,1.3984765670024801
-1.9031448020315405,-0.14961014396383338
1.4267319356640744,0.6689779616460532
1.285407807347085,-1.6285033296047666
0.33402751415661747,-0.44572889920327124
-0.6393666615594404,-0.20491451067096977
3.999867047324803,0.6956320276302149
3.430677163193227,-1.9642841525169494
3.5542919102278434,0.9542440051290846
2.4913991926268393,-2.5668094025891537
-3.480412962410763,-0.8300950451581164
-0.24675950809406855,-0.3911501641593821
4.3624202323934975,2.1957222234867877
0.29082769394127783,1.5551921498583305
-0.8154845461783606,-0.3189739013555877
-0.0824655897406705,4.8563676880327
-3.3572574482066107,-1.3975255961026118
1.7750066713974546,-0.8783674429437798
1.1807837023751122,-3.630946475770649
-1.5698710934757787,4.362813978312469
1.6697015088532485,-0.5123020211030067
-0.6767062649121771,0.1703908667773075
-3.8496739639783835,1.990571573193082
3.9538583153517273,-0.393853634471945
1.333578154607663,-1.1815590070325042
-0.059000026554218474,0.2103692396269555
-4.775599322407718,0.4042097681904593
0.10565732766701709,1.9183860046878707
4.430201178426073,-2.290769246214409
-0.6040217095016183,0.7021440443206157
1.7477148631380277,-4.464119292645516
-1.8081998949481064,0.22440247015993509
0.9959046153897205,-0.6026065935653067
-3.5679596127247373,1.172338839551575
3.6289676228049266,-1.0708139728875254
0.2573182841875134,-4.848308340045851
4.103172849193176,2.365620096819351
-0.05853086542206543,0.6574171308816
-0.19330679072758405,4.6665328489174325
2.2414510125083784,0.6292179397707175
-0.7769021494879572,3.4436193495840954
0.4197841387900199,-1.3140542690629122
-0.9329413301027168,0.4097822621427334
1.8358713657740333,-0.3999089926173534
-0.645809060401172,-0.5971687151257893
2.6415211359394997,-3.2456366651519093
0.31109369519178276,0.2440689559785922
4.058206365027909,1.9786520595845585
1.8192233724520788,3.168334910159127
4.885334125733047,1.0405056313248369
0.5220478173753371,4.084470695258325
1.3440533752168897,0.7725464631398484
2.932809344044833,-3.4056500766172126
-2.9840081852597584,-3.7133080976767743
-0.08383382204158822,-0.39576831113673605
2.103190454714427,3.6132639660517745
-1.8918582177929841,-4.050334155659787
3.713657238484548,0.05798033680102227
0.7119775839241986,0.0310242542084588
0.0012608762204201842,-0.13527166663149895
-0.960325827887635,3.410231641737439
4.6930451574858445,0.7633455005025369
-3.811933234740523,1.6670487404195389
0.3332872958149288,0.5661671797850694
1.3745245432599418,1.522370198870054
-0.8608483626773182,0.7150040205735005
-0.5884004780860583,-0.3044691122288266
0.05458055876300842,0.06405727796066685
-0.9721460161301675,-1.040462418537018
0.6142388626500562,0.7720750193306621
-3.191599992350259,2.2466285850372247
4.3635828399209835,-2.3458590689971186
2.264030103004198,3.3661039948298734
-1.213147242234181,-0.24339882221124828
2.263886694304044,-3.4300913198238123
-0.0259213675552184,1.1547713953391514
0.6183434397371306,4.698074509698175
3.323132326445407,1.1909034334196085
3.226330858657886,2.236635480843558
1.3064766429260741,4.476327318638792
-0.8255327886541027,-1.2433413399456892
-1.5080958526497068,3.8348969748460626
0.16592753300236637,-4.007128647283771
-0.3836142527242418,-0.3188904274409583
-1.8951009637865464,-3.049626735972208
-1.3239897238031306,-0.33173123829036444
0.9747951087662046,4.16652501670244
-0.21920548277115998,4.720609946965581
-3.4767483460519584,-1.0037033540831346
1.0890182607723735,-1.980015578209839
-0.8910421140510895,4.616928874654922
1.1469575589634513,-0.3631868327117456
0.10005112959022969,-2.389262732113963
-0.18141159510993077,1.977133595723417
3.5082024758318493,1.6400611786167552
3.9941216337522767,-0.48004274273992115
-2.61382322876143,3.548489128666459
-1.7926218368221813,1.3782668993327987
0.3313382803943304,-0.09925242381189822
1.6219625712365155,-0.5508010570663513
3.329278222549762,-1.826434471393236
2.3789032346259447,-4.3588423596989445
-4.156248519297808,-0.5212538057370997
1.9082148217194117,3.683512300615191
0.41816226367139053,1.9285259822272185
0.01917309718682872,-0.06799279952012284
-0.8660725125359291,-3.786558281912155
-4.250212508323305,-1.5993115280830876
0.03965985190148804,0.8551231274304858
-1.4364208920524388,-2.0006520952407203
2.0932647467082135,3.6076628377626516
-1.0653293145689973,0.71148329963824
0.13562592606975885,-0.761671450528989
2.308606325326666,-4.298551755004723
-0.008261113622366565,-1.0107065760328442
-0.9432075944016548,-0.3420628897638196
0.39596969552717776,-0.4991331255652422
4.13317619275446,0.8089950775874551
-3.435822083287308,-2.3231538112565397
-3.8944685465708737,-1.375807649931052
3.2495611097854566,-3.5601182638923246
2.0169541601291074,-0.04053535453534314
-3.5840692912130594,-3.415801635123261
3.6181375099735735,-1.1876973038386678
-0.5862104902821991,0.38943278774938866
1.1242347873411414,-4.620353848569054
0.8167522165929796,4.42023068542243
-1.2313274350484773,-3.506349401402929
0.005477222582965478,0.13641534593118265
-4.686561399103668,0.7392641419358024
0.12185544682318174,-3.9453439796485523
3.6959739107117886,0.1339132496431228
1.5211154040077426,-3.739500150311636
3.2582604822078434,-1.8356929528689516
-0.09400736453863179,2.2938070191690803
1.6973350101543032,-4.311313466884945
0.8009688124222004,1.5852791464089513
0.9946680053640757,-0.8753735714007502
-3.5924359308735845,0.34552230085350194
3.888330598331691,-1.5282319680076282
-3.713226391661521,0.891591056877111
-3.282408229256378,-3.5390108953780333
-0.8453801895080354,0.6777324300823165
1.1003061183279765,-3.8367421352187874
2.3178622117112453,3.046408576252235
4.269422993910957,-2.573859170289663
-3.143496143663528,2.2687524415421954
-0.3635994865326835,1.3201756474737714
3.4920395128946145,3.2619159352995526
-3.333258456529779,1.3402579367699776
2.7434001076700847,-4.166018483765089
1.9566873705500067,-4.064332188909852
3.704267474314773,-1.9489108493456102
-1.7976765185939931,3.94831310187725
-0.03739319549906656,-1.8985685951885414
-1.0908493976970188,-3.5940083803611858
-4.60382796934553,-0.5900944399970706
0.06141732437190324,0.543579129472714
0.4792810432527771,4.820831577113776
3.470240833337077,0.870587581956612
-0.9347269699237387,-0.7225951550310138
-0.02861584974301281,2.1902759741232556
0.8902972725590774,-0.03478489941136933
0.9763263949984712,1.46744066997216
-2.3163584740381005,2.888841037973492
4.485311680796461,-1.6684673037058484
1.0177014578201142,-3.8581975560428368
-1.6784600590587635,1.822590218722668
-0.31892694181861003,-0.06997120773301656
0.6258655108650087,0.28737302376189733
-4.4766855129864505,-0.386224085875386
2.480479325531424,-0.2829497205032996
1.9056952415866875,-1.3783601335836533
3.6387438178494684,1.036941949508928
3.1220857394024315,-1.8178473671882387
-1.0436981350808054,1.5847252541897237
0.18656353027389555,-0.19763026076218307
3.852232874435519,1.9869633104544115
0.28148209760591925,-1.0081554150911318
-3.8773459855146597,-2.23898350850155
0.23884270126800572,4.2081330215627
-2.2525466794748725,-0.05871977173521335
4.064081937317426,1.1091705938766754
3.272756590675539,-3.6327631310745403
-0.06442960553071066,-0.037416703941612166
3.5608304393636314,-3.4073629459515242
3.5331837649751083,0.3711706547419873
0.01628997610504764,0.10421631627875856
-1.2312615810699417,0.9419514839905582
1.8190334788853841,4.071147117679825
-2.9939091464182725,-2.009708083223564
-2.711233149004766,2.6081087249930865
-3.704885379725875,1.6069435034982829
0.4626284989528379,-0.18407152620977624
0.6386725632489207,-0.08425581805483902
3.273075910706198,3.56768685589554
-1.63224851296353,1.2180620707226837
-3.6002174681698347,2.632039623319671
-1.0085336245923768,0.534873359264824
-1.2226133403015944,4.623142276425455
3.39448549769924,-2.2297756159373305
-1.152232971828204,3.786982581918918
0.47993320898398956,0.9072258513272993
-1.700458116643878,0.5408753799510904
0.8992962903483396,-0.6416070822935794
-3.7879092029957,3.0173068786565653
-0.8679867270770781,0.15648332994941644
0.1716078999134353,0.18063058307777188
0.421399613013605,-0.2186733186800251
2.7895177512124967,-2.5053644988913564
0.1663618661594464,-0.34437595796492326
0.06849068289140493,3.570456201514135
-0.21218792653065865,-0.8319564202045929
-0.7323980591994335,-1.2357727522399122
-0.34773872408106704,-4.654794065205354
-3.816912721900736,1.068860170200076
0.7003409986003233,-2.392181702953082
-0.1935585569485307,4.5729466815231845
3.93066805268367,-1.673206826607124
-2.110090614185553,1.3052999018494402
0.10557383663193409,-1.8931162277618687
0.01780607665226322,1.710679772631728
-0.945679109848604,0.859338752402627
1.2206807833154494,3.4525003096477493
-3.844876771434234,0.5480867445477624
-4.186252063158019,0.8257276704966043
0.1714464385509057,-1.7747189534630883
-0.831329167385333,1.306505362344288
-0.388845413280978,1.889907191376013
-1.9728145066368665,-3.825969829183844
-2.1898419700669587,-0.2748471112233571
0.056697961306779864,1.7373027323368044
-3.6519040989800935,3.3898015451187242
1.9582166460444865,0.9099251491638215
1.2067085219073264,-1.9339497223735913
-0.1491643434478018,-0.23891644338102794
3.05483139161553,2.4411219252858687
2.223057302704316,1.0535290015839773
0.7701928786094393,-0.5745459457047174
-1.4550321363434555,0.46643397183649754
0.7201808542613992,0.10569505717602809
2.074828046109712,-0.976564259070442
1.2208763442506512,-0.13220499327051705
-2.740909143724035,-3.487445405038192
0.2535351054279798,-1.3399400922541453
-3.653026403555245,1.9408259861298107
-3.5446791549231356,2.86695002824505
1.1783816859687808,-0.02060719522784835
4.350574467709051,-1.7136955428315677
-0.8553727564963044,-0.20934454109051207
0.43414793018266706,-2.209445373382384
3.7584434023146325,-2.178859834318603
-2.25662726153373,-3.6277370561769793
-3.7679000399974556,0.6557442693336839
-0.35553776242499663,-0.12152495676332631
-0.31701299582021,0.7988325949897653
1.5276490532574871,-3.501281571904367
3.305834634132476,-1.8012421282246716
-0.12653245252348083,-0.9735615237194591
-1.038128358807736,1.3671074176073594
0.375316734359435,0.5719171911513564
-0.18787235554555187,0.19214749631533173
4.203198796953719,0.9036870590473928
-0.01997342240679776,-0.37407770251801825
-1.1937860540572507,0.9870477982943946
-0.29885293136131186,0.26576898105857644
-0.526740579389347,-1.348597746773092
1.3024033390755891,-4.74147690984234
-0.5410013205905868,0.5928596788211205
-3.8172395561056685,-3.2136411326822025
1.1333633318428946,0.3259286460103168
-2.015579883043261,2.8751394938683914
-2.232399876511936,-0.5653656334167332
-1.699889230883469,-0.1409391609919001
-1.2979439743411232,-3.2683362370592204
0.9742749666740357,-0.09180117096879913
-1.4209788517422919,1.3759710206308167
2.993411931337596,-2.7916382859125557
-0.06627547178943621,-1.999496206609498
-4.765365969731586,0.4590933938881687
-1.3039830338064649,0.8037371344539559
1.4257251716610755,3.9638427706546477
1.3144380090290078,-3.498107483990251
0.14874605960849524,1.2477571706246742
-0.07760568808477603,1.1608454354770037
0.583043664235859,-1.2119502169078862
-2.7548954877127243,-3.6246416827523107
-3.863818546485182,1.0653455864950363
1.986816088957737,-0.08308902266866654
-3.6047978065492425,2.3277805680878734
-1.1628895175064888,4.526550423371799
4.419196019486489,1.0282590030686236
3.0138566082472633,2.514451633514797
3.625056642085062,-3.012731097214065
-3.7295447155884793,-0.8422659799829995
-0.4602889748391624,-0.040854432465383526
-2.283878494659603,3.2522197522426377
3.933042541154703,0.011838722542373482
0.13365431842496675,-0.009597000942858853
-2.679467307881855,-3.1621449064885727
-0.07938724458470822,0.2462983172782706
-4.732987040889884,1.3894917431583156
-1.253984304065652,-0.48642616162338187
-3.0204785623858577,-2.3191270568048252
3.6821673242858397,-0.12868865570477864
0.32796282120283216,4.8128346051588755
-0.29002361763442935,3.6799316495810457
-1.7225201780328427,-1.5646419312888
3.620010803275081,1.406221494878864
0.29914668644392034,2.149989589531361
-1.844540708209695,1.1046320589580256
-1.9820816935620855,0.33527432288891407
-2.3168628866455907,-4.118233643516097
-0.886845643515794,-1.5454583372936401
-0.5636383249376746,2.0545623464389333
-3.9132133763135775,0.9185646059302116
0.19633961707000916,-4.653712288370614
-1.6733563898516677,-1.500719851907607
-4.498951126692602,1.1284633371044663
-0.05608346061432346,-0.25596673065840075
1.7487638137098283,0.5322953817195349
3.432871850997282,3.4843346685581027
-1.7512215230486499,3.250161279987314
-2.4696977554647432,0.25753426187607326
4.104028954865936,-0.4662402556226247
3.2836064294519605,-2.6162184252144605
-0.0950093063153147,0.13202503867480428
-1.1547995684850343,0.7156507502053153
-0.31553829872474204,0.1274979446045194
3.753791107689784,2.724640825728922
-1.1907534787835583,4.204879150536632
0.37531073896224204,0.7290328438858276
1.1928267047373484,-1.0668277950724503
0.05515610086164228,-0.10387391169776085
2.4404318524986235,-0.19799733627007224
0.6825185576303286,0.02576230714436506
-3.7807871228276473,1.5266246547951667
-0.4310148241014468,-0.4649346964409566
3.2913649469593764,-1.638584354887517
0.9877573301099178,-0.8569813021254767
0.904890491578327,-2.1241728644976687
4.682325899405849,-0.007616897184917539
3.140855315247169,2.2016541636557587
0.16588223479884576,-0.006445496113124671
1.9310124797700319,0.9939838320938764
-1.173946601390464,-1.3895116384621533
-0.17357482522566833,-0.1362971757088192
4.558006311619102,-0.08173797868961076
4.379389124846185,-0.39524097089007315
2.1566017082289917,-3.539038632589894
-3.504578918320386,0.8893170306485643
1.3834029466872417,-1.5880165923022536
4.6328241151408145,-1.7373666165654122
1.2947376692773098,-1.0911592930940421
-1.7458751342078735,-0.6826231760697165
0.7484866041047081,4.421710116369978
-3.3849905347985327,-2.1616915111375294
-3.5375162600289425,3.0475751006676117
4.3914371043573635,1.6265920761173351
4.585334733999559,1.0234869688437536
-1.4095104158300165,-1.3371632730997374
1.7316901606576023,3.1664932254693827
-2.443963149270836,-2.7211752598906913
-0.8580822858085356,-0.21748770121322053
1.2639999287943442,4.031856977817142
-0.2934143150696274,-0.35151936454629445
0.06496969143997867,0.06573923738734971
3.4968826291503485,-0.9179463400636199
0.09986687312654764,-1.37492420839584
3.256861298577917,-3.037299830739594
0.3940662410494424,0.5118810116983263
-2.8627722343600386,-2.8138134108973496
-0.8022705065748722,-0.30035987955059396
1.1604672359081274,1.1735408722853566
-4.584968890780628,-0.8721341643372924
-0.15401120809519123,-0.09028078615260302
0.6232621646833095,-0.05874952708676366
1.8934041491337208,4.518024882669799
1.9445054995617348,-2.9464418209492353
0.5698469833683805,0.1110033646757069
-3.7964344494258024,3.1830606581304965
2.07438308969064,-3.130499680325245
1.258151915245187,-4.009697893276612
-0.8391277838805262,-0.8316602494516055
0.5986483055559993,3.45661723626885
0.7982773048650073,0.054039976491942414
-0.720177902128189,-0.20484742141852225
0.0503710853725185,-0.09756678172645052
1.703756048668185,-0.5452516448383358
0.1371191118378721,0.6089724396747672
-0.20258322863378037,0.009120697903454274
-0.817250286783162,4.413914980606959
1.2329082979425927,0.9235173301369655
-1.754192011998376,1.6647726565337633
-3.6411229741281206,2.9910750111139963
-0.5962033307746664,-0.31031963082168834
-2.582697501059402,3.2355931314234105
-0.4826530177337647,-4.401124651368394
2.335177331748852,3.008294803979408
-3.267980402854545,2.581279720596383
-1.2371076339302216,-0.06373600561986761
0.43033576011472685,0.3225511428866891
-4.362831408780225,-0.07241245309446845
0.49147956969903156,4.001619053413766
-1.0177733396232667,4.319064883743679
0.3962853027474138,-2.3024092194010115
3.9404949311717052,-1.7203566607127274
-0.7614701431754245,-4.444702785396648
1.4750835628159242,-0.9389109487007662
-1.3073998769192803,-0.3959910634555059
-2.756610253839371,2.347353147381532
-0.9049161381255795,-0.18155357848057044
-0.23140954981174494,-0.3187017030893672
-0.3603567953172128,0.20310177778332744
-1.5440687841950786,0.9625633430628027
0.9052544916835245,0.5040175615371355
1.2474018374127653,0.6951968219094811
0.32493285501662394,-0.5443751254237253
-1.182802528054998,-1.3047282543535457
1.2629912648198651,-0.5129543025606049
-3.4245885611496685,-2.671289394141469
-0.14370595141992176,-0.3255008147198056
0.8117286566126669,-0.08130354731938116
-3.720842662697063,0.45036653991689335
1.437885322075927,-4.022055992066048
-2.8971090474617043,-2.433571702598901
0.89695302864907,-0.26371501627075755
1.1909317441671596,-1.5197103475670461
-0.6132842396799634,-2.2867905838294624
-0.061440130104133975,4.546645529320155
-3.7388305910441346,-1.0020541213545142
1.8591436686343998,-0.3697882788153996
-0.03396585854455017,-0.30374943776988
0.1400865579618102,-0.5233305661147193
3.6620244750427875,-0.17455606437472904
-1.3459574772344158,3.4298490986149237
-0.46154148962019226,4.162487184838647
-0.8989165708555527,4.669766782241268
-2.1867394181010553,4.232347139577608
2.4954838316081487,0.009995322964022644
-0.19860675330439645,-0.18113907476959523
-0.012739579504373945,0.040066249604781314
-3.142670244761237,-3.766348379954929
-1.0413809378136882,-0.20795770741765704
-0.016982428286346263,0.14533816586928203
-2.357824748653563,3.0226682255262944
2.6540960930975253,3.5334499973451283
1.0004271370061029,0.20966005779084257
0.004282579886006894,-0.010388707782167878
-3.075784423048095,1.678085499456357
-4.700352885570406,-0.17476125458830302
2.451376182015595,4.009474521557088
-0.26039016058048453,-0.2234342652829198
-2.376655337025332,4.184661998240916
-2.864030181459678,-3.1992603633683063
-4.403639188999317,-2.2893583447534747
-0.9829630438774865,0.7994905419848667
-2.875198060532843,-3.992159820936165
2.4063929975241707,4.3197748505211715
-3.661484527501622,-0.22576424670445122
0.1778998322799879,-4.186645602041806
4.112834646578183,2.4069517730247836
0.11813655444907536,0.7703790135477977
1.5229610705674164,4.625211864175662
4.280676083044406,0.8577253363873205
0.7834132929612784,-0.6461123142814901
3.779215516442406,-0.3121170833699272
-1.2156110066278651,1.2267580272603016
2.279140506977426,-0.4465402645864541
1.0548071199990914,-3.4871086577175294
4.53456273864768,0.6168627518364183
-2.01348754788192,-3.8619298703237157
-0.2833254372967386,-0.5982654586057384
0.283718564251502,0.9185313976077165
4.818543703899056,0.10389346049024291
4.184496312068168,-2.545665775642998
-0.5837760789287397,0.08162965830463478
0.9147018086024034,0.8419161818552874
-0.6762807192867868,-3.6687261407307497
1.8497885262881297,-1.1974791313918747
1.3722336576272267,0.7351514004086865
2.7675767253342554,-2.9578869288919147
-0.9324415884709366,0.44908481469116485
0.6877162355364073,-4.091447237376679
-0.07846775288047196,-0.33675744175851136
-4.70682639122044,-0.8460204265177715
2.5051473047191024,2.728716471546119
-3.8891092323841523,-2.812155809427547
2.780351299977417,3.733574312024728
3.973808383070026,1.5044472557891782
-0.7198666336993033,-0.15877790046076026
-2.3027551088245435,2.8780753056164943
-3.0746491068136583,-3.757809560224169
0.9558876571791179,-4.305582947388332
-2.267240770248035,0.7103407656908167
4.469893328495567,-0.3944514148939063
-1.4005777964047308,-4.7292133674827035
-0.5854147579338675,-1.6621123317320696
-1.5704109425006072,3.6470374010450453
4.719195041486474,-0.00017080763281695485
3.940561262198598,-0.07588062641225492
-1.8559559169329427,4.4204111214686215
0.09303355730778017,0.8122563440833738
0.2541895420991097,0.20707645546054812
-0.4925878729647895,-1.608275637444301
2.2919087976533916,3.188456586264484
-3.847332199493284,0.7593007353430826
0.32623353593819115,-0.8353806889032641
-0.611156536009911,0.20174529915427497
-0.08819467012415443,-1.7621568881567278
-3.5012998913606963,1.5297668173151036
-0.007267126065335273,4.653397227517456
-0.5096980458616176,0.2583188520961792
0.9522267209098711,-0.7067229252027233
0.04257615107544448,-4.97072907565234
-0.6694851163198345,-4.608173373683748
-1.7151725056022753,-0.2758190962741505
3.764806989817755,-1.2912868191692664
0.5017121527876544,2.0700994250894014
1.280013797987724,-1.464654704732705
-0.7493559388134051,4.2082963307326935
-0.32979806460659633,-4.981097865438727
0.6708571694519235,-3.9037136151916525
1.1307679847367524,-1.0711250636231744
-1.9203116592375191,0.24456740583988026
1.7344008322197635,-1.5671367939046452
0.2602921633350519,0.035718219023992394
-3.5206599844728306,2.082639686156144
-3.611362586922909,2.0430031552303847
-3.866543946011893,0.4436775245651615
3.63310426237551,-1.8440477860624456
-2.756372695671516,-2.941116534387401
2.4549502322411136,3.458984287705948
0.030409846883820413,-0.0018658357735988026
0.4139111412495848,0.5005749779942005
-1.4868140122390532,-3.3539012540701045
3.3290901713596,-2.5177805674679115
4.019297715467113,2.8554576099497306
0.028020690138716053,0.23401120975130751
-0.0012108744862092816,-0.0015202898213411346
0.9318622486717775,-1.415480515807633
-1.024835212996848,1.308606956037383
-1.5177062325557928,0.044870690776392386
-3.5139273088863665,-2.9693235223467243
-0.5160157210838114,2.3915841121945105
1.02345433931311,1.3705863305254578
-1.1196530770170066,-0.5860455349922077
0.2870398182612914,1.0584473980675484
-0.3974466366389726,2.3063464523901476
2.479867175588473,2.720761696407531
2.5871765461312695,2.900816010163181
-1.54022576589754,-0.9148064439763517
-3.052783724996213,3.162220744405095
-3.5410130686585024,1.7060167094624028
1.2010163429084828,-1.05442204142599
0.15581043587973278,0.06575698614232482
-1.6455031901907535,-3.7024322734716693
-4.293421244091268,2.3259925215587915
3.2613960025688726,2.6211164254027803
1.8568224902807762,-0.7014279745212587
2.2466133772007737,-3.1198908859503933
0.01800165096954619,-4.053346585066344
2.4760418268423936,-2.765040823085859
-0.936725769837334,1.3087805328317137
-0.267160733538178,-0.14876743033774162
-3.866469155321129,-1.5242267304618509
-0.19151591136236923,-0.5783623284475163
-3.7833365464296276,-0.23694296974322349
-1.235935382845128,0.5748802259123639
-2.5460569214934146,-2.8513520081903523
0.3550082843307262,0.8478797373209702
3.015231918574024,-2.0339254531770132
-0.6542414340016268,-3.4654537270644945
-4.441801049341968,1.263774959600475
-0.6671239222672676,1.3673904140260826
2.9332616105305473,-3.7869042845758685
-3.0469759558004186,-2.058899449941744
0.4668847706938851,-4.64415985168707
4.52201731646699,-0.8242465107588794
3.921000036380817,-1.5986945191356936
-3.540738311146627,-3.077104056619559
-1.373703621378188,-1.2460479779822395
3.4852376063608768,1.502121219708155
4.12385617770576,-2.4905410046501584
-2.0278571194143034,-3.5971382863176347
-0.0013363452073155047,-0.0006652613571738482
-0.04627125837909914,0.724068043012215
-3.999352995637179,-1.956848011136101
1.1509115781351456,0.39202091110167253
0.4111833079820086,0.5766011889015438
-2.854014010947911,-2.3230863710378578
0.8062193473214037,-0.4115065612694121
-1.118608920923172,-1.4861624673852334
0.9277218350816928,1.2213130135165673
4.100101726409662,-0.1262660359177134
0.0783341053568427,-1.4452284574892582
1.598911832719487,3.831907123284529
0.5974626739875788,-1.1198369141510094
-0.1927436253159553,-0.1390513219654177
1.1954844123630741,1.2773382777750164
2.353815093939299,3.2856051730279754
-0.4815012028488517,-0.4241039580709505
1.623453265436571,4.439412310549701
-2.972948305195764,-2.54726733346655
0.7514141417276741,3.9139524622265056
0.23260221854733346,-0.1866888153518505
0.5064487748346836,0.5438575581039699
-0.12475191543059021,0.054226258802949096
4.674339964047551,-1.5494372891908728
-1.2961796023602727,1.1306654203068698
0.20471970899905734,0.27770372475861965
1.68813930218023,3.777860817011398
-0.8093861801678413,-1.0704375481240336
0.03383466264686449,-3.6625122592446715
-4.352858468445426,-1.294014002259325
0.8322224929082592,-0.5804323188077123
-0.9105426230295242,0.8703736027665447
0.727862591472142,-3.539749930695334
-0.04792407738659205,0.16901900384584592
1.4798544107372944,-4.63677558500124
-1.8932127277032003,0.32669621641075786
-4.599079942550388,1.3371793663551044
-3.245044790420913,-2.0883601670666687
-1.2916391087684786,4.216882177190148
-0.8253342538509126,-0.5150456383379621
-1.6892329870878118,-3.7521679766582126
-4.146436776576577,1.8351473091296564
0.04560341143436939,-0.05277898170465691
-3.116942590567751,-3.901464079206097
0.1136710703202195,3.780351491817274
-3.7763189026027093,2.8372546367891
-1.1276658944235816,-0.10511922980047103
3.6163350041545375,0.7996478620256388
2.0083854848938687,-0.9201074360315262
3.5430197513009065,2.5397643908508805
1.5459200105744035,3.801300929936701
-3.7187240716782863,-2.6170540476440416
-2.6119283472532357,-2.9149018179090014
1.4116206269280407,1.4412863870865489
-2.9752772980253943,2.3668017976842424
0.5846132747055536,4.46652494907952
-2.2685494402503754,-3.807976957928028
0.3602220865516539,0.018633376150321894
-2.65610091598348,2.95757471258832
-1.942589934557581,3.5267291938760237
-0.5636876104396505,-4.072990026021912
-0.02506586622355126,0.036521001497101774
-1.4835796877152658,0.18642226325605274
0.648355873334195,3.671278776639611
-4.74410501839731,-0.09342034983461629
1.0688796058015386,-0.2707668787293321
1.0327413420872014,-0.6355534422151362
0.04428244210263772,4.867849733042144
4.826256125927869,-0.38105863086575603
-1.9809149301629834,-0.6485509755560286
-3.1922093872651316,-1.4552517717224343
0.30560690810172764,-1.666689311195391
-0.542993895140911,3.907051046721992
0.7949350069228431,1.6035745328341835
-3.490065842027625,-2.446805516236437
-3.7338783123671435,-0.049440203476217824
-3.673088124858928,-0.07108427140702586
0.8008141234470074,-0.47145350301406974
1.7826901749980042,-0.9431868635021202
1.9432410174394943,3.2052634622141847
4.39901653034252,-1.9828463273049888
0.43374420645800044,4.523604633259004
-0.8188894102439804,-3.4942895072922173
0.433765883666634,1.1884107470676333
-3.9841411668102196,0.3311552631125825
-1.1733198072473854,-0.40557383523878904
0.20816340057299793,-0.08072789540995921
0.5338542159464577,-0.2003270575670376
-3.3383775230403985,2.107505986459021
-4.266421486507379,-0.4594550509052386
0.14031540953192254,-0.5300238106623604
0.043251464004840326,2.128782150136114
0.20677064933753717,-0.5456864272896333
-0.10325201209625912,0.1225286597648957
-0.9449437787538038,-0.04768680615200718
3.3167701190274173,-1.2829186206499483
2.0907867540275236,-1.0150446857202213
1.0756569754910292,1.6832516813658789
3.2085868021490387,-2.706840189763304
-2.8640621381843476,-2.0505254984838177
1.1550456156177826,1.8526274109582348
-1.2315857923233646,3.9725371058277705
-1.7598065497020783,-0.8254117392491558
0.06883240382494182,0.07449596972313006
3.8553996601690956,-1.2669152766007228
3.5895847782674553,3.095580911340307
-0.6377256155984152,0.839909354248313
0.6805228532747108,-0.20051424993760697
0.7463737519534256,1.1097729202358515
-0.29465756115679836,-2.437365821954517
-2.485488173391983,-2.9743183273102014
0.18732355291982458,0.5999510329468047
0.05877599686781685,-0.02174732624240349
0.2354525546864322,1.9381422623814666
-3.0031978798542163,-3.087627867516744
-1.5356589424317517,0.2909796612437508
-3.1589395937467324,1.5950342749420585
0.6356577277466144,1.0094091469983149
3.5153615668487306,-2.2924867387752443
2.4345575511423836,2.592538578184356
-1.3020289558355167,0.8580930770051248
0.030609636450985696,-0.058774863408351134
-3.2374874116652808,-2.9922846528427813
-2.739901011702834,2.538080641783601
-1.1650181183655677,-0.6635743126366298
-0.3252238611975661,-3.6644450084948033
2.7697097804987996,2.395223946046994
-1.6584140172011406,4.713624689721473
-3.68070722152603,2.6336020420393598
-0.5892150586316289,0.18753795986876545
-0.6873145381567446,-0.1892679792471964
1.6654433256806247,1.0649724085606704
4.677925288939333,0.9527754921615778
-4.030286142389033,-2.5329000575690617
1.7487429999510191,-3.392452056410606
-4.493259182086285,1.5656554767570112
-4.169114032594077,0.3668583263225382
-1.6908535914015466,0.17688943456367534
4.094218406272652,-2.438754932750879
-2.3766710533252016,-3.7885744218072186
-0.49055769779570374,0.37736216907882353
-0.7827465341689882,-3.5954823196382923
-1.7993091518803401,-4.001260362540601
1.6262414178923388,-1.3352824289273055
0.8217011743114707,-3.6616253512017805
-1.282824425701376,-1.8997552904094515
1.3279000284538558,-1.4888286750610593
-1.4030348321058652,-0.4950315798351659
2.285372410802625,-0.6578743593264118
-0.018246519185519876,0.03168442218397229
-3.7090833080251753,1.4795748891145646
1.2816677856726513,4.120092858061744
-0.9948159999503422,1.3697399400443109
-2.7919456112964505,2.5083944660687814
-0.005760169133858111,0.879621985092069
1.8795230620406458,-3.0675677595940183
-2.1768035285563303,3.3155194317094243
0.02144670047770594,-0.11121315766093186
-1.0129359544424688,2.10609213980608
-3.980642266743337,1.3999324745423394
-1.5032295753513052,-1.7354821814307173
2.1619138791908057,-4.394972218556211
0.24061014869992528,-0.21535366544971918
1.5254172566707662,-4.354386377602212
4.485697849862861,1.9839387951671807
4.717514432547035,1.4158223442889317
4.417699733238799,2.176442200895899
-3.014732971750301,-1.8967258388448185
-1.970117839067898,-4.1479718887876675
0.6688954688981094,0.5629188164659589
-4.0128413159562,-0.5025735791498291
-1.5689574765508727,1.380745943972115
0.725996252079777,4.1915769992805565
-3.5723837875759896,1.9802370283106943
1.7084910833863154,0.8257632894953141
-1.8156586909650898,3.325018454046109
-4.214417164958074,0.6020849523954342
-4.626132564551599,1.5175851204527617
-1.1184173086308327,3.5373344930822888
-4.203148231724423,-0.0397078921851015
1.101452556935218,-1.7411507905662817
-3.4430042550122533,2.8917802210557704
0.16558899930100443,1.696794567466421
-0.6576320252154911,-0.08830660191426282
0.23597800743559894,1.581953425726263
-0.05548443134360944,-3.700689763429784
1.3166869870493143,3.405898846129656
1.9098080757005473,-1.2007142751774946
-0.713838161660373,-0.5091497501981527
1.1065935861706528,-1.9139753149829226
-3.9025574704756503,-1.7970939777765174
1.0568157828117426,1.1401186915738843
0.1348125254309099,-0.14540116994403293
3.148356049857247,2.854547503559096
1.85731615388928,4.203723658402807
4.247048895490606,-1.8203990000803871
-2.6600710989110543,-3.523972821961781
3.11021887149607,-2.484621254109102
-3.1150749867408485,-2.2303484720313573
0.5519716689687048,-0.6272925724719594
-1.7807619670331887,-4.5797576015009405
-0.43922993550715267,3.9076149640381304
3.2360412662519527,3.592237677435782
1.8134082607940634,3.2885302374954137
-3.5858737165479813,-0.2521036276840317
-0.20314218639317963,0.1424936448162649
-2.4752651783810826,3.405589862048123
0.5873201111270594,-0.4638372927826234
0.10503083223407407,-3.9471052382886755
-0.7094104794826493,1.839257278976389
0.15363602041825866,1.06710055708361
0.6462085036146028,-2.3670820814581677
4.158025852130033,1.8017620052504761
3.4608008190269888,-2.1784888364251684
0.09292303971273,-0.05062200655301607
0.9200640856997195,-0.1559635202182943
4.309476567655254,2.2778478100142996
-0.7401260171732691,-0.8627093564899516
-2.0702130922164677,-3.116832850077782
-3.7941857731688926,1.183639800793027
0.64643559726503,4.028198594293385
-0.9287146661327357,-3.9210800219830064
3.1919757867300085,3.1826518690031986
0.6148196024058351,-0.5391145867270909
0.8477874762325582,-4.193568936442917
2.84179548374014,2.9783158113231445
-0.04954140769604952,0.1579540157302478
1.008222506716523,-1.4360851985248324
0.7106389131660297,2.330720284812113
0.5985093500543888,0.44060608637010445
1.803692746427656,0.4529566805198046
-0.5155082002125,2.332231431828297
-1.0836544025204948,-1.1196812709086907
0.04389412706388984,-0.011460481529390458
4.279331630949872,-1.518800476314571
0.1390848317110981,4.821233028344537
-1.7940498524817359,-0.10010470096360158
-3.2530457500489787,-3.1172918578161743
3.1874157354816064,2.8375754073490653
3.0458147936878768,-2.1770482206877113
0.43596694781268913,0.18151064101228573
-3.5862958169242893,-1.6152145871972454
-0.09997481436778344,-0.20891174830429235
3.0523029607928547,-3.935899477165417
0.6580908961670896,-0.44622390923841027
-2.7452240575052875,-3.1664743059795044
1.2880100231301326,0.09819976792385077
-0.3266928667059842,1.964361101009455
-3.4177818544845917,-3.258906476028321
-4.358315530099621,-0.8215996253152924
-4.188233028203657,-0.7065965029816799
3.921391617147507,-1.5623119509135721
-0.19584022156270878,0.5246395945080345
0.14701050961861506,1.1966082245414764
0.30890119187985027,0.09149422146056241
1.3901598446108496,4.691012079717341
-0.027666371509997616,-0.2553610598688574
3.496636252514409,2.466171477826311
0.2005767316168636,4.964246494540653
2.3781357120988806,-3.9136412021378764
-3.9144562952610498,2.245514491873601
0.2952971286507334,4.858638019666233
3.6631438348415863,-1.7222094907680074
-0.2783207022039708,0.39044995422913226
0.07166051802374042,-0.010348656660922847
-3.405870725835988,1.4793984880865723
-1.9718127043823568,-3.921299809285321
0.9150888593749533,-4.329266184049543
-1.3239493370062,3.6479192940620844
-1.2416080221953345,0.13491371025930188
-4.260424740923679,2.429962595357792
0.39532475835731273,3.8556630408290813
-0.09734857559799492,-2.4973677078685173
-2.86514443245689,-2.700887497743404
1.2425301054286366,1.5011220163817418
-0.7595789585148626,-1.9809242279487345
-3.3617933836260425,2.7743418458457616
-0.0369145298755734,0.29284704809607837
1.1340107823333694,0.6715430054988292
-3.50830906501189,-1.2784305205610718
-1.781805726300142,-0.7712190911403005
0.37089576245583317,0.1065796469314778
-2.0949835468125313,-3.56510042309401
0.40096146826509393,3.9179303261243876
4.0668163379607645,-2.117483703411401
1.401166505672567,-0.4215825980720761
-4.304969415252018,0.8256405908605111
0.8511716802259123,0.1100665967257187
-2.4572682441412375,3.389568656745956
-2.626816817677097,2.869741269384642
-0.553543353410965,0.18056630258338605
-1.171452580039173,0.24019759714786218
3.9121718396887184,0.015767121682260212
3.6205091596424968,-1.6207290909736476
3.9771051282697214,-2.965008528287661
-3.6857564295822374,0.7301972295593029
4.44516339904058,1.6534575627308372
-2.0479868014663807,-3.595703715208457
3.271515542206183,1.403136787899175
-1.117399069195735,4.15959256055049
3.8581496235634973,2.789172101693867
4.879278462775658,0.4126893537547057
-0.9763950113202928,-0.1347601718213485
1.0812907406525198,0.40702639376290867
1.5683949924362146,1.7358687219751676
0.08614373801758755,0.20200498947494241
-0.4837002474016901,-0.9487741866679291
-2.2914088743285186,0.8654017224355293
3.8944368915534664,-0.8247035621980855
2.849873007558922,-3.8342127709027634
-0.09658894194577004,0.12578113058526696
-0.8341870444772592,0.2522695422052251
-0.024992870886526772,-1.064073902107135
0.07113138388204851,-0.16045044658538002
0.045553351197191214,-0.0195881205650661
-0.4878971778792607,-0.41505650698429974
0.9140284547345444,-0.17746610549954667
-2.94936984881906,2.6975799449602236
4.377047107082408,-1.8220150148861871
0.27762789371991525,4.4763813550741665
-0.1641130325213841,1.4152282392025488
-3.684227120092026,-0.7082534150176539
-0.010748771727629813,0.0012353007596278295
0.051359193277887655,3.7518985346802287
-1.3841831066332615,1.163482930089343
0.36336390662490864,-0.7853669137537808
3.718639277857905,1.2138966566498608
-3.159996430926113,1.6189747954530793
-1.2477117435914546,-0.13006764089750678
3.1739283094447623,1.9810900650520487
-0.5401129255407395,-0.003691797874618716
-0.012239419903104455,0.02174104454656481
4.6138991963230644,1.1811972862120341
2.532208791644634,4.018939366749073
3.0518591270149913,3.668240216595985
2.7352018536954934,3.694328755832273
-0.4847238467391406,0.018846645468133638
0.04675065642328543,-3.5741396761343576
0.7003017816739279,0.6175662351194838
-1.6091994125502296,0.3289622109469483
-4.468609036373968,-0.9442639515211697
-3.7029904709212134,-0.8462614298762486
-0.8491480711143528,4.851253799643649
1.6347389406098918,1.0423804691839413
0.4000355314408851,0.39936267628394767
-4.132213781134095,-2.0589931257023277
-4.834590934427986,-0.793891157800332
-0.27924932300328986,-0.6848056561388601
3.7756500253781984,-1.2570021860219676
-0.4479161661773308,1.1792975536743062
0.09492872954292844,0.026920589215822414
0.3554217066830248,-1.2384044130526075
-2.210214327897952,3.6204966434477246
0.655293696780479,-1.9807637035654522
-0.007285356241358197,0.035846074492347064
1.4010723432862628,3.6562652923293903
4.737648885698306,-0.8816938353804953
2.591537690085168,3.770148308083116
0.09609501013842628,-0.09204113404001674
-0.029639542698729024,-0.5223072109586802
-1.903200169533773,1.3769326522767007
1.041918748838535,0.6189463431571237
-3.0485458455795404,3.5276298934076036
-1.8602671470374552,-1.3583450870989446
-1.549821894826255,3.8127248626266366
-3.4333506080291025,-2.7392029721409448
1.6684753053214383,-1.1128065704651289
0.5363107804262249,3.872879445216185
4.279055083822247,-2.5142566068431145
-0.14618413540179778,1.0645562038519343
-4.533457174464883,1.4327265168274081
1.6720349085485267,0.36869481768015006
-1.5661231603590102,0.007389965548654082
3.2481205679254197,-3.5575684978966087
-1.055383316489251,-4.781333802741688
1.4877622537034207,-3.6161266077524377
-0.24967841964769294,-0.42500227676295343
2.178477951070739,3.1191516178613825
-0.4532759613629742,0.7469071337388938
-0.37841081535027343,-1.2537938889070166
-2.3179250590869085,0.4203018487066155
4.415951690612725,-0.3928206352111414
-0.34357945663801176,-1.4173703169396716
3.7303974550810666,-0.3605001762029993
1.9542127475532283,4.240948533471157
-0.6062590014631838,0.023005341411299927
-2.5623775777513114,-2.7343353156052133
0.20535869825811626,-0.42575470259344633
-1.8039996070956912,-0.6847397201658308
4.876844776975468,-0.8536966317226208
-1.8761454231829,-0.7255496271326921
-1.883264661272468,-1.0479356786467866
1.1761818758118932,1.244803812761509
3.620211671653227,-0.15381469342176315
4.808618144745787,0.2410616663499577
-0.6691819490505185,0.21818502776057638
-0.20809875338222175,0.2644808933086714
2.9039734276169407,2.1046618715629175
2.2023239973429964,-0.9842326286269838
-3.217860739837547,2.9732676366446724
-4.356260191067823,-1.1943311646280113
