0.8082707731615133,1.7788147486024228
-3.742461354396691,-1.348097143443693
-0.9489762274868891,-4.263452464772273
2.353513854083615,0.8195169816027494
0.41844257205904745,-3.810252404071114
1.759916927666769,2.9374579685546447
-1.4624542598724495,-3.65200505199397
-1.599185024388601,-2.344909537481981
-4.26239795314291,-3.1932762743345657
0.849262358414842,0.13396724164869256
-2.315914313735465,-5.342163998112909
1.9479345005188013,0.8896726677646127
4.3115171744555365,3.5765206577058386
2.586899413797817,0.7615116907481205
3.0759036914423117,1.818273532768983
4.2181007803332875,0.5834357320146037
0.466664513193646,-0.3686013188822699
2.2406692333551286,0.711207129295172
-0.5781928631434272,-1.8045759334101783
-1.1095133042722634,2.484969372588111
-0.4903008150043151,-0.7287779119849356
1.6488936541356516,2.1779031734953627
-0.4598253501193441,-1.400971869478803
2.9886545304057486,5.0005354156241815
0.9288556004069457,1.4972532546827215
1.9604708098425574,0.7951973422062462
3.214879864550327,-0.30037146310097995
1.1146407688953253,0.06385955354546113
0.6236089621350902,0.09879570278254324
-1.3538729775180867,0.14504415166888318
-0.7727709040056541,-2.027729230560031
1.454941702043968,3.0085965035378415
-1.8590223969371311,-2.203810443200332
-0.33291363733030677,3.9513276368263357
0.4495217533902669,3.4134277017959285
0.04992264547626135,-3.601829777186536
-1.3214982589712805,-0.8456938031692525
2.437970668626386,0.3182046983458964
-1.7311191748778822,-2.361321251493643
0.39491686338513765,0.738556537469204
1.9661485382256902,5.135238286064004
-0.5607430061386649,0.28802569750090523
1.761481679302816,3.7736432974142766
1.9245098406705794,3.590887267633434
2.8215830343275994,3.6851143239080564
1.898597401279691,2.62355876538378
-4.344848554684916,-0.2575677820927458
-1.5040757068092885,-1.0047987004095926
1.810527507781416,2.455533371623329
2.0159277432372997,2.0299999136791844
0.5268320486137306,-3.7131893934059272
1.3666486880760977,1.999541234312512
-2.7835008109980905,-1.3621127581576222
0.7506135996202121,-0.7488268650031145
-3.235349530370513,-1.8207861486572785
1.2137049635797172,1.2074960453460486
-3.493631230799642,-1.8708057392707058
-1.574004678066443,-2.1113862679302056
-2.689092440005787,0.5482291507057657
0.75791389487131,3.4783119056920464
1.0740147005078597,4.7240866094812315
4.958763835573368,1.2963107110816239
2.3234314360796016,2.634142470327239
2.918865451590002,2.9527854624546976
-1.4272050606509157,-1.5336084682596158
-2.599399350624154,-0.9321301416229917
-2.0728604477793438,0.31869437824455815
-2.778804610974679,-3.0763790979779317
-3.6153043042402153,-2.6051629261582505
-2.238067013639393,-2.0546748153817243
-2.873522871656392,-0.5307373669997375
1.2269651750372674,1.8953583243129626
0.301300842316923,3.4136042386607515
-4.497269415415199,-4.694614366688149
-2.969260921582076,-0.4163063032898877
1.7636335339890217,1.2087146287343407
1.699326419852559,1.346786404073107
0.6644406452655145,2.1324445145693667
-3.35711857311711,-1.0733408654585865
1.6619823464428511,2.254681581743794
0.1875497256147769,2.254634398354046
-0.26347341951265046,-2.972533809997647
-3.267475213494549,-2.5926024488952426
-2.0697717967559868,-0.696244884293179
-1.715434664529184,-2.440738679461187
-2.8292089342036335,-2.4518593171262353
-0.770210693060106,-3.1668265257670503
1.7752819576462056,2.6375803515557297
-1.6062262491806463,-4.958944905430641
0.12832633959459283,3.0836621227851113
2.068602453055446,0.6141838112040339
3.047980758339108,0.2965013035046691
-4.961141269539639,-1.2940610490645577
-0.3320281680584487,2.022980600315708
0.8028363822587914,3.3019413811729263
3.9388872060890483,3.7861968532429606
0.2649210092391625,1.9082982949491596
3.774073066835368,2.2828072202593153
0.9466274792438636,1.8400188483098654
0.7061014584911047,0.11457599026578147
-0.3515317748796827,-4.146197016050844
2.0102462342174814,1.1526386764342056
-0.834425368128501,-1.7566277518816722
4.283482688378586,4.36132969736278
5.026126272732045,0.19228535891470422
-1.9637027822841053,-0.7951230029115435
2.460423296275581,1.2721147794553973
2.6777792408926016,0.6206413574586316
2.7077702705277664,-0.0868138967260359
3.3125753280290393,5.007200881932849
-1.988036791072314,-2.8411767825918557
3.488746255063046,1.76337031909949
3.9448683636636557,0.3494708362343304
3.9822793885147307,2.6002902207942316
2.2203356485104084,1.3395136457632695
-3.418734756838033,-0.1359766072599602
-0.11061085216494826,5.019734892373638
1.701815591156963,3.5265482889459854
-2.079342299911104,-3.2457754097312574
-4.972711531724961,-3.529716586196587
1.165133400843582,1.994932887662978
1.2099389998628658,-0.5283829974368248
0.4657106578068988,1.0995852799716728
3.4723858225249637,1.985978917515533
0.9459663845566708,3.5120761907404923
-2.1022595865608453,-3.521954790545392
-1.8132499709589815,-2.830778492957606
1.554296459357112,1.7291744397561106
1.3682928098977571,1.2417399656652388
-3.985183456685801,0.13283155411660852
-1.580807872627168,3.1346067666752075
1.6211853275890205,0.7524122927722761
-2.228663348257288,-3.6199068196566344
-2.1667409498997032,-0.08336753561721388
1.608957280680229,2.596140232418452
0.2490739274759175,-3.493086649054762
-1.7899891280038194,-0.8375158129087625
-2.2674772487322454,-1.6986242202583446
2.728946339135664,1.5050927025266474
0.8066000177572785,1.8447579376034602
1.9328473748017136,2.4981116389250815
-2.413400940793088,-2.724271268278234
-3.237785275290566,0.1060040342614843
1.2009915626878875,0.2750752953808462
1.3344852472703708,4.1650300768183275
-4.164498457103191,-0.18056215271735665
3.4378023288120234,1.4639902098874782
-2.1548676726358478,-2.7170749667360976
-2.5244018870005034,-0.09562918711455026
-3.2089011960042084,-4.830869087381132
-3.587868121327545,-1.8260828142318113
-2.4101710418429803,-0.45032171782634123
6.424413131745007,1.034003472793767
2.9238364528142213,1.6228748511593534
1.22491572826454,1.752396677197019
-1.2353985260031695,-2.1451610052614516
0.6783243460798118,1.1351909125321602
1.6441283318744222,1.6412103746038262
3.2065435252973904,3.0675154321352114
-0.4902498720972315,-3.3954011801248534
-3.364102161908833,-3.522173054251601
-0.8155601345634453,0.7809191939598095
1.3102733038611654,2.3103613403876233
-4.055219302258335,-3.63835578853855
0.538685260863621,3.9403732146063617
4.650718075162607,2.9723985054580657
3.9935002922598635,1.4050850053756951
-2.520364484259706,-1.6091245947368185
0.6511094208806805,1.233753904532823
0.9445101045623465,1.242970609328812
-2.4290049621236642,-1.8311006000078753
1.8046513010060177,-0.01731662567105463
2.612459470602336,2.018913082432356
-3.998596344966357,-1.2351221532664942
1.0981549998639402,1.5645041386182734
2.8189949682690605,3.41138535279945
1.6127744294304998,1.4191228164895175
0.195512096271933,0.04925175009349081
2.4523683931808598,0.17183982957473054
-2.660607204003971,-0.32209468198169566
2.283220127257428,5.219380465148374
-0.2173381054276402,0.8063523542308555
-0.5631008432379243,2.2311917487905206
-0.4446281624745312,-3.880582464417663
2.9086578263458716,5.089454776018423
3.267240027916304,1.4343937119150731
-1.176019547141389,-1.4775115837855615
0.546389852328725,-1.8402481293196682
4.058414776775182,-0.8367070386204034
-0.8869266693623117,-2.3901776543262696
1.7831637735472845,3.0629829336406376
2.0783508174763408,1.1871259198220658
-2.040321785511032,-3.6287900019390102
-3.6021837909088084,-2.59566267941465
-1.6454088429179798,-5.819725334477826
1.8650480319311884,-0.42459691616989836
0.7272511963587585,0.6167611882538784
0.9623790782285644,3.4626931244542387
-3.157734874315304,-2.5439647695700645
1.656724392611691,1.46778423824113
2.633381119351244,3.4745310779389387
1.5895968316390352,1.0461543976762728
-1.6160462213766216,-2.2272975703789584
-2.2745002925672715,-1.266941992014592
3.3697107949312857,1.0608078847734355
2.941384642907001,1.3040216901321793
0.6358834871225538,1.6547764466333335
-0.594455749096664,-2.247504261754471
4.103971158602807,1.9516014460436928
1.275595090260389,0.6984505372946603
0.9057345318868886,-2.077049628726852
1.4261849143743404,2.212842067042101
-1.2826713412440105,-2.4003488502237693
-2.5881183473779936,-0.8400249262066506
-2.4830008443674143,-2.494637128853412
2.543235631885322,-1.1002096165032231
-2.2487141690363868,-2.0338417981002754
-0.5830719875874828,0.89297569823739
-3.049865736371786,-1.1648709585141506
-2.9003814574847016,-3.310721277086082
3.076045001983277,2.536072303531844
-3.9192493560594235,-1.6903749591427069
-2.7365781802797,-1.6128781909863292
-2.3549387345343056,0.20761718117844108
4.6747653452860405,2.3226722229127352
1.8451856298160518,2.373803257471165
-2.681855443564105,-4.918553105967288
-2.740791550182344,-3.2597441640496316
1.8319034207616587,-0.18523813324195304
-0.7903399098768351,-0.7208481110050462
-1.7349701771561659,0.33217277759386565
-1.8546251410571235,-3.1789449229922266
-3.0023054867955916,-0.7979103465916488
-1.7917895479253476,-3.38859508413512
-2.878670300179428,-2.7169662957885428
-1.914242529298706,-0.5165689915358134
-1.5680444223954701,-2.0280274970760064
-0.567453446861987,0.02053988427355069
2.406689177671052,0.5649721882412184
2.894126118645678,2.3482573710917354
-2.313154579346052,-2.8519040109454386
0.6914441599635999,1.0049106342979064
2.1603724345593935,2.50869499331986
-4.206192325118456,-3.3552836965337525
-3.9530150963274204,-4.107568434414141
-2.442757164920521,-4.452373012156586
1.3444562241346545,0.8190012673968872
1.8976003453416637,1.885388920198534
4.380565701656035,-0.3942583948084719
-2.630020645118025,-3.5133510895517563
2.3484613476189677,2.9499570483204787
-0.8665895657470017,-0.18087072184236286
-0.005363260330271791,-0.8682922227540915
0.5470858540100456,1.7281698707658708
2.1208099234373985,4.163766728950256
-1.462183607264854,-2.635965025491349
2.7856602412753224,-0.09892576611116155
3.2924858442516833,2.23665362525388
-0.8589465671222025,2.5134437389827515
-1.3499193122943027,2.7827471515033713
0.3700483255809919,0.41487230624578175
1.6774741306080778,1.1936059188328256
-1.9952610752744988,-0.7912617494721912
-3.399199473811272,-1.637754465043239
-1.033724615647818,-2.970204293044045
1.9494702630484577,3.934021369824639
-4.3411955038080805,-1.4659691539757809
1.768446056524271,5.265721685234464
0.6251184457422165,-1.8107436780307216
2.3704115648869366,-0.8108728854526053
-2.1842198437544953,-0.5519369073658829
-0.29242714777631673,-2.0169754034195266
-0.2707342881164405,2.732747156071247
-0.4338089272536092,-1.4870310394144037
-4.564759077557685,-1.3613277805404518
-1.6934108222878252,-0.08351569466499487
0.7814155886904892,-2.452503099443028
2.1837221337157438,1.0088606892902434
-3.285690732757906,-0.48761939017631173
3.564167838467684,3.3955036061809736
2.3385611834677276,3.3660955698912263
0.5514804715216552,1.818882149967586
1.4357523049139453,2.823612513164463
-4.25101863275803,-1.8418205999901252
1.7780431911265238,2.099609161654049
-1.81869276891452,-1.102519378840094
2.8545345555341703,2.513806549004321
1.4859002153542504,0.7376469752664976
-2.8093578835988042,-1.6732410070091865
-2.396906271499078,-0.6237399509195825
-4.139904011437157,-2.94372068198106
-2.5636566449580664,-1.3221979521245095
-3.154227641835698,-0.3657340772448392
-1.3059099998680441,0.16375132972145634
-2.1892380393290436,1.1867628506263617
-2.3799753903014316,-3.2197019800846407
0.8834417950283231,3.097946608538857
1.5966439220383757,3.483718495224073
-2.5446353364786396,-2.848210418718418
-3.916322997727103,-0.9028345544401215
0.7639207556584666,3.6618312428470254
1.8026952708216113,1.1386323779338055
-0.7017492344171665,-3.5193014988256044
0.8017055095973751,1.7268759284958404
2.511597414852516,2.325958967112075
1.1556486709978488,1.2100676328251083
-1.7796642291613407,-1.49194633400726
-0.7628117122979587,1.1266713502613186
3.227707720575509,0.8557597189787904
-2.2808698965951373,-1.935195666982441
-1.5969046096320336,-5.270603550821471
-1.7350776793360607,-1.943719124574031
0.984774252989473,1.6740973774026922
1.1721654714031646,3.114166090126413
3.9098647635932315,1.6484573463173107
-0.9032428974006355,-2.4506504649406624
-1.6389966552937767,-1.2630665155423284
2.430270547882299,2.940504404842981
2.1084035921519755,2.8469594121848467
3.753428977704668,1.5619968690013033
2.1204778112585396,3.709258259400193
0.5112006289898681,1.4442493445975748
-0.0467878385756022,-2.436579923477211
1.6116843295086212,3.3061826140676756
-1.8096925808985214,-1.8549107688214144
2.5969108729977517,2.312498762240381
1.0688526787132409,3.1498049731983757
2.7528676186487804,1.418371935641235
1.0473219970182517,3.0697102730293295
-0.2306794404321173,2.574074141036539
-2.2959521257958557,-4.037147314133195
-2.223210815487937,-3.024394202230888
4.043399472470353,2.8970946692174158
1.422093652582397,2.0198376316129596
-1.6510759629329317,-4.126171459437889
-0.8134443167924759,-2.1014781421827067
0.06837183679520886,-1.0994024866070053
1.5406670646833327,-0.34241566695611025
-1.2740331659100377,-2.6368711882538296
-0.3178432888373952,-0.06268414022465651
-0.8150088107779352,-0.9669504287538035
-2.20594699928726,-1.5745837795133393
1.4799231829003383,1.1951015934381755
1.017370082828457,1.6496321180922613
2.141649919101236,2.2888807059854215
4.022970317199666,2.787813653353509
-3.172281018409245,-2.3270507011764767
-1.7136456050734972,-2.791924115497079
3.6386541591721855,1.7335962853784808
2.0826464789275105,-0.28653863184365314
-0.7678385829300916,0.12927291303923383
2.9536532661603436,2.991931740695345
1.7195031047404448,2.6309139568513804
-3.692028408541097,-4.908625262177377
-2.5432391988745797,-0.7075234928866201
0.46957621772175373,-0.7449532179804201
1.9875612230892805,0.843351047428222
0.49474868831558516,1.5803704330642034
0.6609005170340625,1.6728861601613445
-3.392005579926529,-2.1560947785248232
-2.901677180393973,-2.6368310894198954
-0.5847118629324983,-4.039629063596915
-1.6907707454903322,-1.8812952961548663
4.975659339049708,3.67065514996973
-3.3177204990347358,-2.4688431374527924
3.5300026833363987,4.779831023281064
0.7243635564866686,-1.5625028429377072
-2.6712164325486247,-1.46505536362945
-0.5949258079760495,-0.6989328460239288
2.6302426119542965,1.2893499174156648
1.7673085417604684,1.6341101288468656
0.8442784229767353,1.0016658481659884
-0.15218258231152726,0.9850944233067045
-3.7812167643132217,-2.8860372341916873
-2.493215899828515,-3.6864686080767504
-0.04396811700441061,0.45067869914157366
0.285395438960407,-3.0465032976063373
4.050760320184421,2.536667346294973
-1.6101128270176295,-0.892639349379539
-1.022636895918542,-1.550886533947381
0.044670184486078846,0.27173051081546973
-3.119064338191829,-3.9085998784445843
0.279081488848278,-2.2014087261162887
1.7173545977511537,1.168139234417505
3.4479651327653102,1.834775937247936
2.9792218298174116,0.1565635260931646
1.1156155300211725,1.2709254224692954
-3.1148485349344943,-0.3606531147698411
-0.04610401817881771,1.118714962876484
1.8387598395478222,2.6129056012411116
1.0941263586936367,1.7770348493932584
3.1953474456703113,1.0997698433408711
-2.4317204656740663,-1.1444818366731404
-1.4825352176467794,-3.3416946314247538
4.274876912437215,-1.3033403398105516
-1.2691189852757536,-1.811667187605839
3.3238910309937273,0.7843941378593497
-4.091623503139253,-2.2238929541906383
0.32286251537062594,1.4744765041613577
-1.156484947118376,2.018255972498881
-2.8162846452885297,-1.2040710282065392
-2.1055381314755763,-0.7158455455100114
-4.644709113925076,-0.9885102547934468
-3.143170932812666,-2.106209317191206
-1.8274973112919337,-2.470703131076955
0.9071255940427638,-1.114722515703952
1.6861012131688455,3.368831478703477
3.2003586253375094,1.1962253037166
0.3964958109905061,-3.245586815212272
-2.5190383352903147,-1.3112133704513904
2.407816794635211,2.4535921846087794
2.624344206979152,3.3851558809053834
-1.292992899746305,-1.9968859985119953
1.6959019353970965,3.2308176892608684
1.9111745255373749,0.5643931249435061
2.4976656800678882,2.0928402893314244
0.8730138490216228,3.198167728698563
-1.5468276146771733,-3.2863182782830402
-2.4621693897458776,-3.8849258047860653
-1.4127090532734567,-3.6592612959122253
1.9172863654859316,0.9001223097212865
1.9064762026592825,1.5350780711118786
1.7878827448327215,2.8257121750990115
1.9419491269822098,4.566989913111806
3.4671567027869195,1.1471801875650087
-3.554929482363262,-2.190154086861841
0.27055869454411585,-0.8804967577237612
-2.126364403350977,-1.8127095878704917
1.1960867665292776,-0.5030930543970853
2.8924864180753587,1.6782492316764384
-4.285872251224378,-0.23458423879130685
-2.493141405606792,-1.3883442913140336
-0.9688894706161395,-3.1064710451822433
-0.02738275203953,-0.7195796896996001
-3.572650601809169,-1.2056765523362178
-1.9621699595073108,-3.7333799561320458
-3.818308724128797,-2.2252487733102875
3.3187388442668464,1.979526151530464
1.292905340628439,1.8211973612221413
-1.665289799760959,-1.3092335172746097
-0.6218546162679228,0.38869058711707316
-0.83737808894109,1.4356518849157047
1.988057885372223,2.7396187187478556
-2.5010606806912037,-0.11274554174401774
-0.33839697048520057,1.100305588085225
0.3672187378134266,-2.1554011210308475
2.36506011097493,4.4042734938837445
0.4390250734353396,-1.0844211072666274
-3.2376274153098588,-2.2889626776053125
1.4418671305189155,3.661281121100491
-3.302367866226475,-2.4154909437134098
-0.13916174945931448,-3.388502185126056
-1.661600324285313,-0.38730482216888595
-2.1001579028469193,-1.8851727558970308
-1.1125267305086912,-1.874240146047262
1.773686416958193,2.066357522587945
3.376713927460157,1.6126703574112748
-1.4675263956852431,-2.637751551423057
-0.6134731871459023,0.7727931131504744
-1.8081389696535695,-0.8061472224238542
2.440481752892836,0.8718594900969046
3.659698157586625,4.067229852624791
2.031690534533446,2.0952438901114006
-0.9226981154915912,-4.135404003587979
-1.5768228316581288,-1.178612756050017
-0.5523048154118813,-1.7300701285983948
0.2773717271796734,2.8658839349121803
0.14434098255948413,4.214501816866159
-2.7005258708832387,-2.2619970060424635
-2.3085288914357793,1.154311324756074
1.3482737458531824,1.4031031120091138
2.3303615979723005,0.7251837997971946
4.052868929960093,3.5814535096560327
-0.7861698063283726,-3.1100772441822686
-0.9720305990340032,-0.1360864137805946
3.227480690048334,0.8235784626394098
-1.8715874547394344,-2.988402701535743
0.022810313198590837,-4.957789303527173
1.0958672875488054,1.851796328590428
0.9591655836722244,0.7857813788621393
-2.1012798168717874,-2.159228710413392
1.827623056358732,1.607250925958482
-3.911556384155076,1.632918742442969
-1.268554811641872,-1.07574573159814
-0.2613078686390713,1.6891689991905992
-1.3607503102596443,-1.8286404805326089
-1.1332654551734984,0.024781915191980808
2.3451755637612512,2.2121606841256147
-4.407630634200869,0.47382167427823507
1.1913855156256532,1.4860331986879856
2.0898447062925065,0.805453933972935
5.741255022374025,4.079612311683258
-3.2538812220317115,2.5495359673444904
-1.9171913287081872,-1.3774338575717904
-1.6604296240561005,-1.7501757059015615
-1.8628022442176064,-2.1880239297565103
0.7930302484951484,0.9657410870570393
-2.8673687356698263,-0.3662290513637838
0.28271000760609355,0.42352210884809094
-1.7034917302273735,-2.5929199398103697
3.007016198239193,2.902068832483951
-2.930061617382686,-0.8770484934991498
-3.56210316376336,-0.9537668710782856
-2.2118188721068632,-4.354921100131145
0.4690728958887356,3.2396208939675897
2.8607723610524065,2.334366853486627
4.097381319829937,3.7162073700161957
-3.311057858865728,-1.691690835623744
0.12902493449003583,-1.6943108921763044
-2.155241501258636,-0.8549418625712373
-1.7007705494284324,0.2173139234072936
-0.793409336201365,-1.2421082333651032
-1.468348437040122,-2.82647451437858
1.7142841008235767,0.02971277238483694
-1.2838419475261753,1.0734234898869914
1.5105750491000682,3.2758682488534543
0.14705072997266466,-1.6382068797231006
4.283757939475953,2.5372805673755225
-3.350912818676008,0.10334152713110178
-2.9491084807923014,-1.0003353575519087
-2.216876356960233,-2.8475576233634334
-1.437012575190893,-1.5351254575515443
1.4575907732225741,3.260975038124352
-0.8987067451516859,0.04400596198380846
5.408360585530429,2.6581058258483727
-2.083199701847955,-1.518168265787022
-0.6652819965829677,-3.1929298854299564
-0.33325244403563037,0.0024540212143091544
1.0053571859130854,1.08216368615088
3.815493204893334,-0.047001820727756716
-4.211931069553488,-0.5744947788769241
-2.167801520236248,-0.36711071075554536
0.35060375508375574,1.2079144586796224
2.436864465358142,2.5144327036327345
-1.540192552921936,-2.4948224507099224
0.6696561468941566,-2.946942133788277
2.1791151836148837,1.52105100307864
4.044555089555317,2.286122931376653
4.19600069262926,0.4455917196274952
-3.4037403001207287,-1.531343902904177
0.46100371346164093,2.1333484920307684
3.1911111793939995,4.211171987856169
0.6678358585523476,2.3000725229524224
-0.7160573195769164,-1.1654208041346454
1.0075451131364948,-0.2750098000314818
1.898532120225833,0.9229896897279029
1.8028527551110602,2.202809123596878
-3.9801363537210275,-1.5240024161908399
-2.28211473741412,-1.1632887070896119
-1.105084917193948,-0.4424483340556584
-1.7806173176815052,-1.636485380355695
-1.4834726235960987,-3.8657127284829245
-0.3343732041761478,-4.056874351849768
-2.2122096618378473,-4.596244186125004
-1.4932079197730437,-2.87519439293084
3.6696506805846925,0.6792488308274833
-0.25610059009630204,2.1792361014129393
1.1730526711124227,0.6709527459011104
1.7148011651697666,0.8964908382700421
2.465106372318081,-0.8274484294565374
-2.472544372972015,1.127657250297935
3.8926046973990127,0.27734569197151493
1.479837644773173,1.2610481591787441
-0.1508299805495381,-0.9455815367050753
4.197325536578268,1.496722802452422
2.2760930186377304,1.2554818565710315
-1.0200924411463008,-2.6732575649254486
0.7616034011259467,-2.562926037812426
-2.7897666172104154,-3.2395427765402793
2.5630899208266937,1.829698838453222
-0.9312504200543694,-1.2190784290337702
-1.0186052174236186,-1.2382853095054502
-1.3500456992234273,2.686037808728006
-2.5490013166753727,-2.4774562805910305
1.603461437352059,1.5122789621032138
3.812906329519366,3.178271706291146
-1.4725465126386386,-1.2794296980291688
-5.051830740247629,-4.301985514333509
0.45508291327731354,2.7517455893869016
-6.077850606236585,-2.4841732117768927
-2.657502869843847,-3.0421504059691724
3.217995464697334,0.47211509309400856
-2.614182697044545,-1.0433438622455098
-2.488466036098998,-1.6111861398134961
-0.7663245937479095,-2.632909377964202
1.9741656459380232,2.8455642809037305
-2.4193293892359296,-2.057686372748095
2.4402864009267042,1.9494158413717837
-0.8074327897433646,-0.6320841356061551
-2.2832258780916175,-2.8587037461302254
-1.1826832539288716,-1.4821899197119803
-3.5923465656288354,-3.379377659778502
-2.6849841856189633,-3.9540872134252973
2.949825786222224,1.3788062858025882
-1.5176155675390874,-2.2833422337332494
-4.285303418277419,-3.3233325407628898
1.6992041133093585,0.3377185429640053
0.5782960167412263,4.028353844435019
-4.076506749370713,-3.634387508311421
2.4313242158320185,-0.5166588149971316
2.999612888261068,1.1072809541457824
0.7109816352255676,0.7318173685568858
-2.0585817318897544,-2.469731250700554
5.900256325076341,1.9415624990287974
-0.903332158222365,-0.16055656674782348
-1.876998747703423,0.6615516196393338
4.273017404375683,3.846766470782442
-0.14494077103080638,2.780529530068669
0.7651131466043004,2.2696754145235714
1.7396746293446845,2.346808480084474
2.4723321296169787,0.2450109947460355
2.7838393349277593,2.863925606458177
-1.0028022040506954,-2.0005173763363087
-1.029334914250203,-2.959296870927873
1.8864689691003498,2.868662454501104
0.33315196563378713,-0.9866661622965132
-0.9794516286542727,-0.20950922161034047
-0.16481610182651263,-1.2608721969698808
-1.372997421167756,-2.2101163235663894
2.213629811084505,1.028230096330072
1.475201692503282,2.5039909093345627
1.6414032275540458,-0.2694794035497394
-1.912194218671829,-2.726946359405992
-0.4064575573824285,-0.8572457652061869
-2.7499480630966047,-4.7764951522534735
-2.4252923513798397,-1.3800698226936765
2.430506320786457,0.6071678596586607
-5.160226652173289,-0.7251108311015675
3.599985593330568,2.5098724023819847
-1.6407076850272433,-0.8133336637492194
-3.3924103082018573,-2.3878510084510505
-3.8012945775984615,2.846219018251661
5.287855893953026,2.1199944818606378
2.394730512082484,3.669650612032076
-3.256317442596199,-1.1424415743165195
3.61647474845784,3.719347797514013
1.440527129789537,1.6579896426610508
2.4841173351360113,0.13726967584722116
2.10824461737175,2.486243853604006
3.646053330593614,1.5131260115697183
3.882710357727918,2.4499408638581204
2.759859532946746,1.114879749944783
3.2021017838559604,1.560281534674206
2.925296229727019,2.4850739260963004
3.150358806916034,1.7168154818757935
-3.6434739042603868,-1.0911444094647063
-0.2853455476051594,2.186041221972253
-1.8340599962871016,-1.7577355405015673
-0.0035527411451381496,2.8408770816121662
-4.738548198846105,-1.8850198064887347
-2.8503550171547456,-0.29597282104252876
0.6094053607891188,1.3630435768865365
2.7190457102442624,3.308180807001527
2.442953768061085,1.6853062478171656
-2.905475713327885,-2.8696770785196772
-4.054978345933828,-1.5603093919332465
2.5439348050542017,1.788393556780806
2.8922114896711575,2.8148457033031757
-1.34080610794048,-2.503160867495033
1.5354224808039367,1.8927981175530235
-0.47249549374320776,-4.689894293432411
1.5773290694097244,1.9280734351081499
2.375598285234388,2.3650626174928067
-0.4940123188311476,-0.9252234017778524
-2.17181586268802,-2.178808606002129
1.662174290498795,1.0188171231234149
1.002503061589552,2.208548021426137
0.06945107976289577,4.26658275716115
3.440528376567169,-0.1788222846427101
3.346319932189936,5.8833632482926275
2.5619269226934316,2.646846781012262
-0.5550350180362891,2.331580924525241
1.4231555954603299,2.0242563168890864
-0.5998952089476988,-1.4344668629735173
-0.24772892513840206,-2.350071397718637
-2.465026759425008,-2.1726805752113645
4.253527225970949,1.3035625302613574
2.087006543533075,2.518179932472564
3.2790395177551206,0.5706807171179122
-2.5499859315802684,2.5109645322918355
2.7934825846623768,1.0646161437642854
-5.751337037572863,-3.501105293560342
-2.582029877270245,-2.633830410970307
1.381145570079981,1.0137480703831319
-1.8251324214873228,-1.4400557779909733
1.4267646067735744,2.3143747110606143
-3.252004140089557,-0.20748446850667968
2.2136735729865014,2.1166492559414434
1.1454475596676552,0.10337039740582088
-4.5607729300702005,-1.1672670082123058
-1.6918636040717048,-2.2336512938686948
2.065199339590941,1.4940974633367756
0.5363673171782475,0.19971430714508842
1.052848634957777,1.820918704884065
1.1207028411893514,2.4295485457132706
2.809648616381142,2.5114799322405474
-1.7607942273398725,-4.813565428428532
-2.284452094191496,-2.1449002655590927
3.017107271104299,3.6280304459018344
2.8827481316129315,1.4062953646250205
-2.5496585714586653,-1.525516388379973
2.508730700796758,1.4822860532633322
3.760909875136181,0.7659695674868583
-0.07708844739278597,0.33037446854929664
-3.344361719718883,-3.0092957185819396
-0.23416677633321425,2.5363833465981314
-1.3297826947366393,-3.8829278572341677
-2.9791157327994804,-3.196583298045505
-2.0729638190451247,-0.4545638324114296
4.267124828455488,2.7434494385235904
-3.7004853344841915,-1.8516286376913675
0.11137046222401237,-0.46097144285205793
0.4837925639407561,-1.0387584003839896
0.8720850346715077,3.7337772838365995
-5.202185493721625,0.326389106312853
-1.3655731477062825,-1.0409019009555385
2.127493664130832,2.8217303652689005
2.0548552192427114,2.3833667036094144
-0.9461443957498652,3.5021095321978213
0.4790801156996536,2.985135074521523
-0.1473118839241101,-0.9927569038769133
-0.7980529824609928,-3.310897261528919
1.321541197665656,2.617371113566187
-2.5531441970347464,0.8607682586399608
-4.9090093003784405,-2.1350968158166617
-1.5900911201477936,-2.987379495131985
3.5634347854345583,3.352491825677861
0.7115381744952987,-1.2575562056279237
-0.32444844828149755,-3.8220007056650394
-0.43145876875283107,-2.1530105969929667
2.976532714499589,1.9631908846931165
-0.085399922199354,-3.2757539058427394
1.5345584018653566,3.70163562632915
-1.3217372915402517,-1.241070604463407
1.6852238088883844,3.0156131075937007
0.9753322301935698,0.9065352029137723
-1.8296046568031568,-1.4185686782633722
1.3719109861055587,0.2634800698145341
1.7142917074961677,2.187108514293234
0.4821243837775926,2.1654464163471143
-2.564183934539579,-3.0998285409103277
-0.4557884416124425,-2.8251312259845687
1.5777025377845548,-0.6015001758150711
-0.8688096944663948,-1.1815141058128984
-4.718075545713031,-2.228953496999414
0.9301416867140289,2.9181461050202984
-3.6199034646821278,-2.8743577045222475
1.8332555669110238,0.17710196187393112
-0.06001328657314975,-0.5265427093126844
-1.004151560844301,-0.24427757985805187
0.7986287903156488,2.2236953668677377
0.6285992387219843,2.799953359406825
2.816767250073258,1.4064023841523765
0.09973777682805984,-0.4834237639764385
-3.7198084005655945,-2.3841892884480376
-0.04854184589600363,-1.9340604474774779
0.11051635788193748,-3.014805443663948
-3.24091716294944,-0.9212604786495058
0.8163850424067349,2.397686226444656
-2.4683731603937415,-4.851001379393303
0.6025965998022378,-3.8875362211316684
1.0212678895232914,1.4413974933136713
4.678754768713631,3.89133950514634
2.1056256632783223,1.9320760899510472
0.8040191568695421,1.4933330401735296
-2.813604334436338,-0.08251138086014631
-1.9808080792173899,-2.5178375432826434
-5.101228597453998,-3.6196429085255764
-1.736778952727874,-0.8388245395075933
-2.9675144249285257,-3.052292213436419
0.2706473701308123,3.4285554984581967
-2.1481911665698967,-1.2641329961402077
-1.151980856965788,-2.726425570232616
0.495257987641204,-1.764424463773933
1.6023391113818302,2.2870493379729813
-3.747444899571551,-1.1830573023955187
2.9144203370493127,2.629563100688031
2.0515153822221333,0.3119922610716328
-3.209948398443938,-3.452086586058251
3.643178302518807,1.8488694245866064
3.965549931269502,3.426158764431694
2.1620338181357246,-0.921471756086071
-0.5336729236567579,-1.4992956921769016
-2.7520766176686307,1.0424155294213806
0.937904206704361,3.414615958319213
1.4701607799655547,2.5687348616459547
-1.7204572718496158,-2.3437437663068375
0.7023854999220283,0.11318851812747788
-0.017015461621375128,2.8942123921866383
-2.8330508151645084,-1.7486462090617785
2.1973592136980877,0.18347810144502152
-1.7078299458843085,-0.8457466563132083
-0.09331855440350711,4.29403485359983
3.8974011938546393,0.1596150966640062
-1.7255490988392184,0.3169426636333683
-2.501895618902034,-0.5097730262806659
4.65902977939108,3.9944946593742583
3.700257014091903,2.5599665496951185
2.8062026388853423,2.62163026949424
1.2328055145641708,-0.08015970368262648
1.089940553875836,2.8035612916505652
0.8613099514041431,1.6410668419727856
-0.21734622082707689,-2.256050231020343
-1.6386256977192166,-3.6768486758173227
-0.47620720626826696,-0.9740195388019466
-4.004495118484445,-0.1569350712797668
3.0549545605136545,1.1828998802384456
4.438554859710548,0.8645504678203004
-2.2835582917145993,-4.077433911795248
1.9472208596698029,1.6188333815510356
2.4663345359135715,0.5844461014374456
-2.9165568165722617,-2.575931628181523
-1.7255859755406728,-3.3665630965995605
1.968845298268527,1.0119546686450025
0.924956606845267,2.387896425706457
-3.0431011194108524,-2.3137143026243607
3.6586706603258796,1.7695411733922848
-1.4880543719842607,-1.9317038909569986
3.165809743895609,3.589709840288558
-2.7722498736210013,-0.7639091059997176
1.286762973847758,1.3907357360976875
1.3472070387409252,3.720153456810222
-1.1798365777351745,-3.392610973820794
-1.6066817303738674,-1.6335202087069869
-2.072571015669261,-0.7855000781504302
-2.751881909869273,0.6587525789212911
-3.7064419823996344,0.6250275754306904
-0.9105109482474014,3.7824193275576965
-3.169727581063187,-1.8010636810798126
-2.0607574386270198,-0.5267108648201053
0.9754818287225142,3.663461163350906
-4.290226075725656,-2.280695680345431
1.1227759738978222,2.4005451331389387
-1.7140262408664821,1.3605449550507154
-1.5047421968795844,-4.367705937785549
-1.5458575347355046,-2.957975137077555
-2.948586600949565,-0.3129902614479285
-3.8084976556839454,-3.2511241185131956
1.6676496351118573,3.1310670498799533
1.3873404296005978,2.7742821739491363
-4.429402685768482,-2.875014647749765
-0.5611086338594129,0.7488262043454557
-3.4930506958065775,-2.325748839271574
1.7440036977407503,2.655732605686301
-0.42893046697588066,-2.6868596364357336
-3.6339338316455985,-0.4861679179716196
-3.4296651369195965,-2.2252209911894165
-4.750640626467235,-2.592576510830118
3.0950751357568507,2.4592636502177325
-0.3903542506062694,0.5851439613587155
3.373568275340082,0.02077360176715093
-1.9065701057975417,-0.8048728494204411
0.7520717193418736,-3.7438070093578277
0.19365517792113973,1.7612766003491926
1.3072308507513553,2.5543998601636697
-2.789615232814178,-0.3558541646900144
-0.5646617991402585,-2.9800632051768776
1.2607312017136854,2.6104898100704985
-1.4841803338892967,0.11875034741050028
-0.7190904241180449,-4.501730565187659
0.8899207387808361,2.985470736643667
3.43642976206468,3.188304348672762
2.514905246818926,2.464851318208114
-3.932077332677866,-2.963684152323701
-2.215710120162241,-2.9806881501483677
-1.2745024157843723,-1.7309131294685547
0.443415875418135,4.180691294928146
0.11896581228752234,0.8097080710843023
2.058835787528715,3.0816683870241217
-0.6240038325369639,1.786002111601648
-2.1489513850427366,-2.885416619645704
-3.123987376434469,-1.7115353387271341
0.13246033088030584,5.518817500862441
-0.3342327877736391,-2.4135707617858153
1.594630121667477,4.917817349209578
2.198802835710503,1.0734962955272116
-0.7521270177189678,-3.274682844703352
-2.202103830848942,-1.0520597424802087
1.4809482447257099,3.466640485617468
-2.3929052187327,-3.147493925860843
-0.8595433581109415,-2.320805447547724
3.808379321824894,3.3940296576146656
1.4344788037367726,3.046440743142689
-2.6204867476410403,0.979521792586783
-1.146404465192278,-2.532398902121387
-3.14570859577404,-0.7151249989641391
-2.7708609198074012,0.08785465173252183
0.3886971715665479,-0.07529625236473425
-4.802781385837789,0.22956385727084605
-2.827521119275816,-1.6911036533938026
-2.254434444772541,-2.946429584162431
2.184871720301661,-0.6003550454993616
-0.7597209075737947,-3.076334264934796
-1.7239724692389609,0.24022818978551053
-1.176426825463715,-0.991876859499135
1.6489051738714537,1.1093472222590073
1.8280096558551038,2.2890707888022996
2.592025543028489,2.2607421065884274
-0.8357273324308854,-1.6781714655084716
2.0118956051075814,-0.8859432274905532
-2.1215464681891154,-2.103701795606209
1.2065691041559057,0.7246573713510516
3.9231537772765472,1.6328749564468725
2.091314661369611,4.535837784447498
5.035733423644972,3.017830932703066
2.1214662553930115,2.4124265152801914
-2.8562072328553647,-2.1820946733062194
-2.3378990678203264,-0.7243640249085745
-2.0496029806325016,-3.0255711212581593
2.4124936097909764,0.9187710949422379
-4.111901685095584,-3.3904658888401373
-2.9552615620420997,0.11336431416914383
4.456594900048749,2.50637808878472
-2.839829548397155,-1.5410820176102864
0.9703733244719461,-2.4307733153013835
-1.5098153796852598,-1.8444835573055531
3.59740272950069,2.82864419172245
-1.1297008965071655,-3.397158992930243
4.6490989309885045,1.8883096035789555
-3.1004065046719784,0.03715113604214615
1.3800330097089797,2.3023379181694885
-0.07364983274141856,3.7825485133211165
0.5245623304079559,2.8780943596063517
-0.34990061749830637,-1.5293068792435625
2.6004296834880694,3.645296393978575
-0.964321142584164,2.4291435965989354
2.5979121616696146,2.0793575655517302
-2.296292906794845,1.3977510036652672
0.730921061259433,4.455408575600881
1.7960920788829366,2.3441650321444776
0.3654464464640148,1.2529471353826798
2.8328148325919416,2.059261584032633
-2.8838538502664743,-3.3063125964531794
-3.5257363911668502,-1.079913899083163
2.3877773768322403,2.0996294607884116
0.21713204800888608,0.7901197986608386
2.696660083829614,2.1798101422441
2.8742278280604445,2.7635247912297753
0.9194236024036417,1.1579975960767346
-0.40345236254134975,-4.149081868720561
-0.8527486615332771,-1.438352457192855
2.108297628533724,1.4085291362864256
-4.737188249130158,-1.9886731760047838
-2.9434456313094675,-2.0237126167716224
-0.510792758857008,1.344934316870357
-0.7419561014445928,-3.5610281100774386
2.12781356751866,2.1527597805232017
1.4471161939710888,2.4307298974014504
3.7515384663127254,1.518956775136694
-4.362110598144472,0.22410127305444272
-2.344251264965454,-0.7657496007330733
3.7135111944359798,2.0916599050271913
1.5525215396499918,4.292268618517963
2.5569501977843494,2.300822232841617
-1.4472367174566405,-3.8817400277159786
-2.888909549983799,-0.5755590427512332
4.217681594787181,0.7765394185398489
-1.5354575409939513,-2.581341227262371
2.8815972148838904,4.134361688465958
1.154039299399313,2.1829384402916334
2.6222512056896887,-0.3646093580117853
3.101314121697055,1.620613759844836
1.7729263407381173,-0.8680367928892232
3.058138049138127,1.2997805758190626
-0.9753372972194823,-2.7093132966661493
2.1813659556618856,3.126384249033231
-2.140311443088939,-2.52501765410386
-1.8564898954375213,-2.5214486854498
-3.0960704896656503,-4.6115395715537
1.8615907116432033,4.03147609493446
0.4065847040241932,2.6907646866227464
1.5806208023465642,4.030183409128281
-0.38059844193271686,-0.6345876244635309
-1.5647590456301002,-0.029272307994794522
-0.4477136263387871,-4.138726338259271
3.8136771060338344,0.16145273254476966
-2.4672523033330056,-0.6872859751377629
-1.0977724262683832,-2.6882893122344305
0.030904175361287756,-0.9721379469168974
-0.4253601732694823,-1.8755708252653451
-2.3370991867694118,-2.6084372233818267
4.112907271022332,0.5171590108994675
1.1991725002829048,2.212552372461644
1.7774058461832665,0.8144388372675757
1.4018041808778312,2.734284524214843
-2.218140308785436,-3.919288382053911
0.2564413519953581,2.7053550692435566
-5.864472983272863,-0.09221698057701411
0.1605459836583294,-2.3312890478286956
-1.82645536883263,-0.2505983479745044
-2.7095370635960894,-0.5364207715171982
-2.7036581744170896,-2.7302459349326016
-3.469692600417001,-1.9997226688483112
1.9107594150374303,0.2962284713492229
4.421979055900942,1.7941226625014637
-2.4785366003132414,-2.509104242314911
-4.681422173298372,-2.473938036124837
0.6682144215671961,3.545022014901173
2.696635500273942,2.6808400611680154
3.872642743465551,-0.9942396799729059
-3.3565300548323487,-1.7185259932636172
-2.670114660497677,0.23877189655968056
-1.2328253788260417,-0.6230801415666598
-1.3607137579706872,-1.9130239468829464
3.907000391008114,0.7660795771802911
0.060241846029626345,2.324977657470361
-1.23579657179081,1.685363319340711
-1.2510931399058016,-2.070806643525135
2.6158491319700308,1.8241743269098463
-3.688007917116571,-4.059543041115619
-1.817255533887376,-1.1608563956465665
0.43698081967714053,2.0751684544306004
-0.9076001591903768,-0.5598043231932635
-0.8706008623619634,-2.079387521343801
-0.8146488832199088,1.696231758853798
-1.2540271420923137,-2.5006605735647693
1.4473942992086422,2.2656730127234743
4.160895187611374,0.8619996638221801
-5.992149199459167,-1.194015207905953
-0.40338430461104346,-0.438141689694157
2.7969485176718085,4.576948053358448
2.3407182056622506,3.3981971709173626
-1.3333440230774616,-1.666363555047369
-2.493347948904601,-3.354316089806111
-1.5038832292916116,-2.5564373712943222
-1.7108613191844284,-5.746220420560056
-0.8124775436244571,-0.11019330226955626
-2.8424954741188744,-1.5515550004980516
1.3857019666583823,1.6681229215420852
-0.30368271974329075,-2.854408019081696
-0.1140762250645484,-3.5557371236958817
-0.5729079939583217,-3.5573614739000936
-3.696829150086776,0.22149899967179953
-1.989202808112074,-2.7918852999729937
-1.4984883504446522,-2.1358009759235244
1.8001176092628093,1.5963226092425002
1.3444786664616333,1.946075876738837
-5.963917763801577,-2.959412463540402
2.4045392115692166,2.092201876980506
0.1715712303117103,1.9228594550616784
3.1907454358948195,0.6818478265211645
2.529896840432303,3.2601353197596437
-3.191066922309457,-3.622414044567795
2.203152974972532,0.4525223706684496
-1.2269798011698048,-1.6406914843125535
2.343237860948168,-0.15001953316388272
-2.926119830479071,-0.46962225842279426
-3.1419814248349507,-0.1980097304328936
-3.3266943869165595,-1.315225687996087
-0.5286818491195864,-1.5008011087571158
-2.73126856146487,-2.1800430285595085
0.9465034609260725,0.7579404082277841
-2.5325649184398693,-1.7040710115216722
1.260160093983174,0.7661383944730944
-2.0842936293922976,-3.1934586828469187
-3.0813814623117555,-3.502553341338582
-4.874062243022143,-2.0500423509180217
0.7256518589738232,2.7675984222333807
2.702496063783736,2.3654696819766
3.183870006571646,1.964313598807321
-3.56269604576355,-2.930402657243522
-1.7055897789306715,-2.0642359345719012
0.9800655744581561,1.9401595487504284
0.7153613250735877,-0.5387370738883193
-1.6456702094066555,-3.391429598357762
-2.24080306112408,-1.3289124497052438
-1.2161575364384567,-1.6400681510926103
-2.762778994175139,-1.0324312969952802
2.3567770876631604,3.1003435916004847
1.3071360101207374,1.6934814886030851
2.1791658754305065,3.099609270279551
0.9788166680420989,1.0068639836237119
-2.231830053449377,0.4320906191454248
-0.8064233100258495,0.59282861278449
2.145132985741188,-0.21308651967214187
1.443524956671349,3.0156129142391093
-1.2121946964509958,1.4621046887865927
-0.1346844448824598,4.609932488490444
4.599026972522044,0.9978123355950281
1.541673462423211,0.09208581984268638
-0.5848973770454826,-1.2301485655889972
-3.03477203124775,-1.7497383550365606
-1.663807138142401,-3.3689092029397676
1.4861240001602813,3.2303179485027167
-5.525069666407246,0.43050948774377407
4.747552343224292,2.4906073972466465
1.869290392830259,1.2912585679985389
-1.6638598089526155,-0.20960811363765752
4.039745154898177,2.9439111878320667
-1.657293753283543,-1.907458421913522
3.6077192718490965,0.8300001049400805
-1.221144919505022,-1.2182717496306599
-0.8861187785856639,-2.8436233932110646
-4.820434994072749,-0.5728593925423857
-3.7604175840807414,-1.9533563223091188
-1.3090514277427685,-2.6009916365639603
0.2242690520027426,0.2820113382473881
2.6009667756861155,3.7519362187603065
1.5079720751740784,1.2994263617077935
-1.386766420124754,-3.4650299921455647
-1.1502096134435416,-3.493915771359002
1.4307069719045642,2.8615228965217145
-1.527952945630267,-3.8114390507506055
0.7847315573757179,4.924654755008531
-1.5140231928126655,2.5132432816398955
1.7185973000895989,0.8064428679507909
1.9249996438281312,1.189357982152616
3.3906309298407966,2.538048994541281
4.029587374020487,3.861077314946744
0.9754048841537075,0.9145591137978668
-2.9534652049188166,-1.516492073445297
-1.5788746481230982,-0.8459758001633164
-3.1678723618650872,-3.2631712711540226
-2.1103869268999476,-1.7422364098264422
0.3873383898284366,1.3608364840113907
3.2812861602728334,2.479662667676107
-0.4671752651644514,-2.5604601204630364
4.232767176415619,3.5658812634096155
-1.7954241923136043,-3.5342040713222618
-1.5309180063857435,-2.8194921962915513
-3.1655900390376677,-1.1847913519866777
-1.2920980609284418,-1.3891343622028023
2.6535184413438113,0.8330256167294512
1.7642963884508034,-2.5916668086545247
-2.372419125756319,-0.9374655121740469
0.5548572952452098,1.0462151080449744
-1.4883126312083361,-1.5775487148504834
-4.495995427767721,-0.044153618175579945
1.738312019511607,3.66799407394505
1.4156955813316578,2.2891420571327417
3.3397971654883354,3.0464529436484984
2.31503150825454,1.1597071610154193
2.7593052305311643,1.2642668417967955
1.8457263176866365,2.6723835859231224
2.388075625581867,3.792954246309774
-0.31976942019497057,-2.396575112654438
-3.113430901584646,-1.2509442455266777
-0.7255433008478378,-2.5526388222529475
0.9838405787750044,0.4241871855750965
0.15699720905348236,2.633002819382287
0.34696631238405784,-0.312105747070883
-2.491181539378568,-0.5074882881069995
-2.2766199151914233,-1.7442779371419208
-4.097921478345267,-2.747753741004359
1.0403326640925221,2.365204321187541
1.3854068565492619,1.8053261990148588
-4.400324368610165,-2.175411202262885
-1.451538715962119,-0.80927031237477
1.6485951060308448,5.7666019513165425
-3.286137754873404,-5.7004931801585785
-3.84133647186618,-2.0732599116077473
-2.6676546872609137,-2.2256435969972634
0.24444216074997027,2.6005969148015287
2.724486850854051,0.5142474899923821
0.9454798567492637,1.441155957157294
1.4972400760122189,0.3568981354522256
-1.6389917523563062,-1.1960838081286373
2.3811311061365266,-0.8247012069927324
3.499077709190732,0.6530082129256898
1.263584966661012,1.175567579147967
0.40934169557779754,-1.5937092636875891
2.339813859872274,2.6118681662760226
-2.542326396923994,-0.9743342679632714
-2.1513004580073924,-2.914533522641752
-3.125740281806668,-0.7581020097109106
1.9981155738580234,2.1126627518331866
1.538193023939343,1.8159192582583101
2.3276473936828834,0.04457014973538653
0.3047768067801109,1.8253262161189512
-2.2176173007739672,-3.0238438218376524
-2.5286328939145353,-1.5058015675929242
0.6249010191880298,1.4633926567051856
2.449029546635775,-2.0149856340603813
2.164240456801325,0.7610440628686532
-4.738266413030502,-4.377829334573827
-1.2165666202627512,-0.4268116755919136
-1.591138541618189,-3.4592006407904163
2.844989689086996,2.08982030785821
-1.2013017589162183,-1.3119433189573098
-0.8029397948498413,-3.8186628839776144
1.3234505537602153,0.6476887923797818
-0.04057455899649898,-1.2478747704438469
-4.357120917927152,-2.195653456779568
2.4193128656232,2.616134359459893
-0.06635453202000674,2.946204124471616
3.815883056243627,3.6734260292534433
2.0566454095407303,1.3054692778998602
1.50916163175165,1.4101340819994594
-0.2360792486990646,3.3285798193131564
-1.7986797993402506,-2.689321613122949
-2.4773380002069567,-1.9317200986553118
1.9375332353578512,1.7106915095816564
1.4086657203938557,2.437935299262186
-0.3306804373845136,-1.9081361001039765
2.702616895551035,-0.2254570115409189
-0.24860579865361387,-1.1185906323154782
-0.5333108826616688,0.8956628208483823
2.2678361741337536,1.1037377458414919
-2.0037956967707227,1.256889537585499
-1.3595814458227216,-3.3466688204492474
3.606158971788517,3.2759863636882987
1.992128827738938,0.5713359363341262
0.026781579242361797,-3.853580689325291
-2.373223605113421,-2.812457750172409
3.7660797636584853,-0.30279551469572574
5.301962545532966,1.3509826305211763
-1.1785948705444267,-1.838846328394985
1.3020843501108095,1.898943013788103
-0.8846456376943204,-4.2717220056677
0.6115047518640635,3.5558659967827566
1.6979672362821385,0.9299739479798541
-1.2663681620418359,-2.8561344929127643
-2.552939666480422,-1.762168998959578
0.31184834241684767,1.7083391203797702
-0.9190707032351326,-2.659600721699114
-0.47427024481817304,-0.48253203066241346
-2.6188534624985107,-3.390559291363605
-3.3868955405265613,-2.292134375250015
1.4878353987077901,0.6460434299353404
-0.5465558443214351,-1.892635384100973
-0.6118670511564164,-2.3404810619647263
-0.19745721139823247,-2.745705210518669
-5.928154569413579,0.22156159137161247
3.3627461206120888,1.076853214096348
-0.4029274488401442,-2.5192605216107027
-0.744626335814224,0.3570868413207142
2.647978509832308,0.025909173762398208
-1.78890302097718,-3.441637761637329
-4.162667531349534,-1.8763884595754377
0.676206235130405,0.46371293482494647
-3.833144440141015,-1.8517690261333448
4.442183749884951,-0.732079692304803
-3.134921966294941,-3.096674159007672
-2.124295981248853,0.42162145666467943
-1.8125085233343274,-1.6477668240824914
-2.9684590232014445,-1.9330580763009548
1.477974967014565,1.0206151400054786
-1.880173987108953,-1.8548530589432322
-1.8328688531900608,-1.8470424247777983
-2.969913233437201,-2.5136992611552156
3.5966984885437965,2.753785523523133
2.4018317288359956,1.953298970302176
-2.695610803640119,0.33735879161180726
2.213296664240776,1.7022909361602023
-2.762598483382063,-3.6790972167317273
4.378189742714768,0.4327842023108741
1.7704912048351993,2.10012259361991
0.9807822976157201,2.5085996570091806
1.8962943369196978,0.45989856862488976
0.7185132098735909,1.886505909776646
3.6421075174808446,2.693272973859319
0.8942481191567504,-1.7998465106259793
2.62707780297653,0.8727116755443507
1.5715638999751966,1.4934888677672244
1.5311228949794229,-1.9804294396937132
0.8179698747755018,0.8166284906466561
-1.4982823613033527,-2.973828646145425
2.0066511497041044,2.3010332943996747
0.8117481712156771,3.510315346302355
-0.9894403262347351,-3.6443340323034583
3.553365573339046,2.707196254540423
2.365846088773967,-0.008384330468286905
0.8313884376930707,-0.7902933485116372
2.3364058373010974,0.08525079961918625
-3.844443418020906,-2.4052418367929
-3.0975025173933806,-0.3084162517652238
1.7410367373772593,1.6145064611978899
-5.135241533053172,-3.1474132314493612
0.9183846026476234,4.141751511234608
-0.3108355806283263,2.9222078901808626
-1.2178572958850447,-2.3748867264379765
-2.0871529201511003,-0.6131803014424213
2.7583080311164117,1.8584882635379285
2.281419508371958,1.84554073664486
-1.8238705544773517,-0.578452850333874
-1.4834594798542813,-1.7723167263676203
0.22585357785163973,2.3647890148273487
-1.458052469978215,-4.541480322177879
3.8626558125338093,0.04209588770111683
1.9660144686968093,1.207721792339094
-2.334881305280355,-0.6939736586796899
0.0603452198339558,-3.973623452262701
-1.2814583196253133,-0.5400118507329918
4.890088910257625,3.672265640493441
3.297608797052683,1.7106801003837775
1.634466689757582,2.6576483412792036
-3.0824365392827007,-5.1072637833756485
0.7314557453451784,1.545916500442495
-0.7078812195662634,-0.13293885553403895
-2.1024050320496417,0.5332880842473338
-1.7529868943571576,-1.5430537520515646
2.1034990498484754,0.834984250347685
0.7959273638939364,0.2290450882178514
-2.2057548267532656,-1.2988776061941403
-2.8500126628859306,-1.3632751147517832
-1.7143469385794283,-2.123910407345758
0.9586553049158397,-0.4743305545948733
1.9869161683252328,1.2258771225170342
3.0053706208373696,1.2674368998777146
-3.3227622415597384,-1.298403989575396
-1.4573423179386058,-2.441985965927617
2.7035920487070015,-0.20494793511081344
0.30952610705391725,-2.6931238218651465
-0.07228086107885279,2.021089779191462
0.8944786653340153,0.6055265067746769
-3.25172836016215,-0.9400853926822297
1.701916303063909,2.23295749131057
0.24515137614582816,-3.223029537028697
3.211208964829701,3.9121660888950744
-1.8593499387431358,-1.7300061508767737
0.59723090956155,0.5450452035722757
2.0955110825970586,2.8317082204967408
-2.6085151490517164,-1.6552960621547625
-1.5977574242487305,-1.474606737113889
-3.333619587060608,-1.3135422731960729
0.41000845151275755,1.1480427333507843
-2.2047318438007064,-4.284625639399363
-0.6439696289074623,-1.0527770672419665
0.9769351260901333,0.24945979407249208
-3.4080796836162115,-0.5526274721265065
3.175744613718304,2.3894363552793085
-2.080686415071707,0.9947513009848077
5.799583120200736,1.6236811461130756
0.4438893213419972,-1.603600945148139
1.1878394401809658,2.5292138177954113
3.155434617372051,0.41736409457541224
-0.7272723639036567,2.326854732536274
-2.396102951041466,-1.5055004581567935
0.5137155236517703,1.815578151953042
-5.527416139270299,-0.553737120769372
0.6366574177031312,-3.2318223877132395
-2.46659693747105,-1.4238898124477983
-3.486966199895927,-1.865415085661435
-3.082579444545767,-2.859545586052875
-0.26873884537441994,-2.2849691724834496
-3.056127308594214,-2.296023463454049
-2.389905434577081,-3.325001346532912
-4.30911558252105,-1.551363242702174
2.0653138780522293,1.852054034054123
2.352836310654276,0.8414319204744134
2.806717676094502,-0.07451937109703444
4.203838000886421,1.448957572883144
1.9791920784573604,1.2880739499049638
-2.7472924104457217,-3.920681236205133
2.7635232326032773,1.1869430249052648
-2.5342697187895453,-0.3068528665990973
1.5389598315716155,2.5485387319871378
0.7940291354863958,2.210810166205863
-2.2355587479862575,-3.165433551409632
-0.9077418286179295,-3.5968203121975346
-3.295700655375219,-2.869875689539823
4.388511936532217,0.10507551577848595
-0.5713907773427298,0.37038384374497135
3.5434538521425942,1.322588892024434
-1.545088977120865,-4.324432841780119
-1.0741079489308873,-3.3882303319353504
-2.8383334878055093,-0.8260809736692551
0.9739237932515916,3.2322085833672194
0.797152941458509,-1.1362646212115046
-4.172906190362934,-3.7207935867752715
1.0575983842499141,0.9278240771539659
-4.446544817644661,-1.2562917814881935
-2.8103298700706807,-3.5869375886505566
-3.074402124976571,-1.9372648262583034
2.7402916133449455,0.5114482401734357
3.3161629371993726,1.946142907408053
-0.9455193296508604,0.541409854706485
3.007298659857451,2.628712123817531
4.425662622506045,2.1086349893918834
-1.447715141594152,-2.708458516616977
-0.20044964114652286,1.569152947556237
0.356282206096006,2.2606297770228942
-1.1968111355157285,-1.5912921879859776
3.161726476289056,2.4080154644888347
-3.183837252915746,-1.0628860573396723
-3.116070928414337,-3.947516552343644
0.33156584852507764,-2.5520656907472947
-0.1780093891621437,2.138849746787035
-3.7450987469294565,-2.1444473155225636
-0.16608372416607642,1.5026803822915786
-3.970430814135034,-2.7294208738499606
0.29956417055795725,-1.7585476436349403
0.9012469498924784,-0.2335754638467611
4.52200291553655,2.9254542823062497
-1.5739353051809797,-3.2376795049942158
3.294665802598219,1.711033966439561
-3.4314154955271765,-1.5597038243982206
-2.8319549671933286,-2.646212454866283
-3.1356419473501287,-2.6460711189644663
2.582434784252217,0.9062210325651583
-2.150336861141692,-1.2328080818248786
-0.9014968441339619,-0.9749969693930807
-3.1878903280273985,-2.3238273476960636
-1.7964496613352032,-3.34714560493311
-1.8689431523704603,-1.236988178503002
4.0954247000442665,2.5966311411865814
-3.2667207449535365,-3.1221997086853683
-1.7936719572136586,-1.631528141194221
-3.14914601919131,-0.9250033961116446
-1.3784553748169923,-0.11719560627699166
-4.311789045044679,-3.5780086964503868
-4.455544160228244,-0.8702723620483586
-2.0759552444795615,-3.406179791816398
1.669739033142449,2.1184220400049147
-1.317984077671094,-4.492032568491045
-1.3787440898385963,-0.21759132485051458
-1.0123992539982063,-1.034540597405062
-1.3449929081331669,-0.981737351941425
0.2900134362762712,4.08749470060499
-3.11608291955653,-1.6646402904944704
-2.529348262094171,-1.1864106635919724
-0.02404313919670864,-1.6132286438953316
2.319370481585064,3.775015181351893
0.667756191487707,2.603863345109153
-2.834246050534399,0.11970532257819277
1.3950967452325913,2.6536444123852134
-1.4784203904917348,-2.4203752152236344
1.3158859112191892,2.554903238286571
-1.6936770053791474,-2.388688444185257
-3.485224512994842,-0.8854245894687014
3.3382588973346436,1.1658108194940195
0.8652789769591254,3.1897906655412602
-2.197000542891938,-0.5350488152103141
-2.510126932250536,-3.1412362347379394
-0.5876820083321395,-2.688778983467822
-1.3575643040250358,-1.2172963185532877
2.037761048501572,1.642342064004518
-1.1177692144467142,-0.843889848062209
-1.0704325506349588,-3.783241060178514
2.716036689658908,2.781159234383269
1.5955330785448607,2.415730363642792
1.2169473991759876,1.6662822001542743
-2.1040628144068325,-2.0027719743754577
-3.146196274369272,-2.8266112043009555
-3.2090550525570922,-2.261453421760412
-1.7565710693097196,-4.4019417233125235
0.7366214602279297,1.3174944902477221
3.42462366420432,5.777704820886061
2.7265603099856075,1.5355659889100153
3.2890014959460383,-0.895696606054893
1.4162617977105278,0.46752380266240245
-1.221978513962117,-2.193184027720762
1.0433998715826998,2.5820748617619627
-2.4299234887578804,-2.450272383261249
1.20715063704242,2.1836765467949273
-1.397862549952589,-2.2759672332479672
2.2133187982237383,2.6399821193110293
-0.32026030109078185,-2.117566048128782
-1.5292609099926997,4.250512920241849
-3.47006784936518,-2.7377399033225274
3.441123622412853,3.734693416767886
3.0109341709260304,3.063588525508192
4.143830392461117,4.442510543201962
-2.0960492707176885,-3.3610774696485706
-2.8512770925340183,-0.6345935633299644
-3.5900892176609407,-1.7057547992388198
-4.057260754115303,-0.3601902985561185
0.5286043784269321,1.8866984687163695
3.8927522252799434,4.597374856883415
3.0473309490906435,2.4809709694301474
-2.804007241146663,-0.872480235297783
3.674004122735389,2.2659871482378424
-1.343165066779584,-1.1061298282599608
-0.23589909796067854,-1.7115793171129254
-2.658253266308092,-0.6197123523546737
-0.5726899734029403,-3.155444229281004
1.8812070646795191,2.556220110066014
2.006426260279931,1.7389103739446088
5.725921543592587,5.1000813236384115
1.790901494110703,2.4349023595901276
-1.9886931136102584,-3.8462010148218098
-3.9622045206333905,-2.0083814685873143
3.017813355620875,4.07169609248632
0.25853323915732807,-2.3834540814379306
1.932854830106232,-0.9629506076655958
-2.9787860615785764,-3.014911204667258
-0.9503481933243003,-2.878911228086557
3.12780283320554,1.177238880809119
-1.623992194107909,-0.2596419526635534
0.6269326274193785,3.5095158987710997
-4.026086376044944,-2.7743899685103894
-1.935483973018315,-1.118663461591324
4.2053635365356214,1.3661823541816305
-0.27287935101626104,-2.5432081503935247
-2.8957447326565773,-1.4125067146854604
-0.25612566402461856,-3.1528072691170452
-2.6363064558084695,0.23775362173037617
-0.2611483622608324,-0.9255206475904698
2.6543837066356213,2.7644097187754397
-0.9266490466120025,-1.6608928203993247
-0.451904799078779,-4.216600911882628
-1.5113361800570853,-1.8978585853277006
-2.417246828641566,-0.7773027004961792
-3.4781711920743787,-0.3136525605259315
-2.620364421561945,-0.8322513619269887
-1.9737289097570547,-1.6022580577167216
-3.651959039745486,-2.2874902975954807
2.139158979020258,1.5481181265288249
4.680064328723509,2.328193086434979
1.061240888803076,2.3573510841287053
-1.2083042153268067,-2.7469469852984973
-5.078043876844255,-4.162557522408536
-2.8023212624898317,-1.7955713211393525
-2.720412179439644,-1.6252927542248297
1.4380537568675722,3.0890706466419733
0.353706021541939,2.5993798874634133
2.454976968883437,1.8156412829209003
1.3534383245270734,2.000388716504463
2.4742342054207036,1.7859636099755054
-2.280498564632144,-2.564829174006793
-1.5493084043197913,-3.2334441948409447
-0.043991242329512126,3.348223067205642
1.979067301476531,1.3587016780409402
2.345355812548584,2.797202789570946
4.269961838759496,1.7350030793109954
2.333606025421221,2.257381345148187
0.4481555356216327,2.1004004247037886
1.3698120091139652,3.642058058753786
-3.3683349781869394,-1.6507184126343792
0.40489053372599204,0.20632757920791978
2.1965505427127363,3.429687654832649
-4.89291392642156,-3.3275200854132763
-2.0080157990788816,-2.2849647693535755
-2.4903943076008734,-2.588977900784677
-3.1422312311633758,-1.677392187011816
-0.9204831319375171,-1.3121370702380324
-3.8049701912282767,-0.5715309013853906
-5.549241960805297,-4.5087504168314965
-1.681110163448284,-4.1477736438722275
-4.307618184909798,-1.987079913796602
-3.480896533707262,0.11705279207718444
2.4217481710015965,2.6611209210089743
1.1745561670955391,4.1785158683439105
1.6941200703220611,0.414059280584393
2.308961531213539,1.7608039660277037
2.3902785515247964,0.29087944363115836
0.5327759427352978,3.1589177050422483
1.5897364967355363,2.7108692369742236
1.2844199254226019,5.537028702917395
-4.661746993077467,-2.86629858015962
-3.2069225471904224,-1.8059557846869896
-2.133773897810677,-4.129470934468751
1.5724457661348326,0.8845639781864953
-3.278872065475282,-2.0298570168811017
0.10234618454080402,0.6508120341653085
-3.394460828107496,1.5227353544855804
-4.562719623737897,-2.9684880233973754
-2.202044688479806,-1.61591446528236
0.24199544151491104,0.21977811514381584
-0.09903824996698907,0.07202480834851088
1.606715870955085,-0.542957355934091
1.32731356093311,3.614473286000992
2.107318595161609,1.4339182269206627
0.10447221979554722,1.0162691658353766
0.6410430860354053,-0.3718576147910784
2.598770660610295,1.714279826836673
-5.7054960076214565,-3.0243508957340426
2.4133213787445347,1.1207352337764847
-2.7380303750693216,-2.0056432404909383
-2.272507408941558,-2.320812181966328
2.215242824525595,3.560352196580594
3.7293941598369473,3.771610145633966
2.3588497556044308,0.7892227635515705
2.148921480593147,2.6075447633258735
1.6235378685534976,0.8411011462784665
-1.3202086781462794,-2.8963056934150435
2.4442375789351134,1.9581068074635914
-3.0071633651566234,-0.6986524439874395
-3.300833542144561,-4.1514075030151
-0.23259927225155996,4.0747246855118515
1.628339749885528,1.3385442741952798
2.0696966443686358,4.92229707529402
0.035530799385292466,5.502021158799321
-0.6057971565851099,-0.16882802795681906
-2.1033589371661114,-1.0909457892906036
-1.710739039680522,-3.867132926150827
0.795484728571578,0.5815205403219923
2.4859460313683153,1.0436834421205219
-0.9899842132183669,-2.133419554381154
-0.06359506190784248,-4.100248499028202
4.460464800179892,1.9250460223130277
-1.8960013315093982,-1.3372266369480228
2.069259813628934,0.9740045141239051
1.438431295097426,3.314847771074935
0.05704513596415639,-0.8505709467192462
-0.6006881274170159,0.5218959814522868
-0.13280159130762437,-1.968253956278783
-3.721779162590237,-2.5628751912289807
-1.200634056188211,-2.042852300814857
0.699245914697648,2.2649647281698324
-4.198992090233885,-1.9609827425589927
0.3199849841374871,1.115363636593486
3.7872457973478157,0.00890168784312606
-2.015846573426007,-4.0647256392747515
1.0012432390036192,3.7767502741861727
-0.3136151377352221,-1.1808142637588364
2.1723925316320374,0.6462864644136963
1.529168615107359,1.2761186928571644
4.255872423109782,4.6262345874628945
0.9029247899610113,-0.9694156559126925
2.57985872457279,2.933521299568768
0.8040301121746551,2.145978906488792
-1.4094251001965612,-3.0719467262631515
-2.5894166351471304,-3.414377845374829
1.4569049339661473,1.6810380091207628
-1.4413286348857839,-0.5117987038522145
1.7170133413879207,1.1039678371676018
2.1777775822179986,1.2782046235359916
-4.848110345416973,-0.6966873765969783
-0.019170603862784574,2.2613176701651287
1.2081185095439044,1.6653909963542048
0.37624385682358397,2.6729929312267817
-2.2786408936106355,0.35648138562911713
3.03257514366688,1.9365229223375646
1.6343979934006574,3.1989383475740274
0.18336201853030554,-2.615531549682335
-2.5903764519770114,-0.41091638672471387
-3.0151573759103125,-1.892195539031855
-2.591520756130845,-1.2153961364608579
-0.5695233740362513,-4.9286076060922825
-1.6046362549881792,-2.296093946707969
1.9761307187423902,2.0993256830033498
-0.07133385441350804,-1.123980684452612
1.1482229412466853,2.6153187696440985
1.3095855142234294,-1.0880495111528536
-1.5180934659091672,0.32588191576965686
1.0798884476135062,2.056228503913925
0.8223833279973543,1.321879443449398
-2.1578483756905102,-0.11703127341033936
-2.2368062298447353,-0.49125329706873155
1.4313180662595444,1.7921649864617555
-0.36633368143458833,-0.39336261339904777
2.6030223505597316,2.953533949025524
-1.4301760718739207,-1.7838021349151871
0.6127000491054637,5.125042595551716
2.1038995776034324,2.125159347282456
2.1578088469137193,1.1768613315395078
0.12478472128958051,-0.4222722310835427
-0.31211725755424213,-0.05253129693074987
1.8725495507071874,2.1761400234285047
1.7706434124918464,2.470645635193529
-0.4955567984674185,-3.7898036896683465
-2.8352273403350647,-1.7530703829365912
3.2126729033333037,4.983635326832662
1.3879778740353403,-0.44238692926042766
1.8025612767554051,2.8623078359382
-1.543381760701462,-0.9156204430198618
1.078745689349069,0.886473301922293
-2.050427817748668,-0.979918696857043
2.0301438912970045,-0.6078801012360016
2.134254523976846,2.6433705667007765
0.15818208793484523,1.8146862668813526
-2.277213717986061,-2.3007883516788628
0.8085487616094169,2.7805063273589083
-2.332575102980031,-2.1099594077068264
-2.0922683947676304,-2.9949476330695184
2.5946412684493487,2.4180497601641817
2.5068865103409266,4.503408947846037
3.3059681535321577,1.2738879572780375
-1.4746756164899884,-0.7561568912363272
2.248173312000973,5.204348982064305
-0.3562631447858833,-2.005832781753892
1.9803893948582714,0.25990640470375714
2.6918750890504652,3.279678123835824
2.5458815197936597,2.747233673983166
-1.8332838521893862,-3.700350004209519
0.7195916750291289,-1.5261197818229952
3.5550578622899636,3.2980857070485294
-2.488865876643009,-1.4432198122793882
-0.086519883007669,-1.0536379770781692
-1.2540737561031952,0.16561673482955763
-3.55201922785964,-3.6358482224802557
1.8034342401844163,-0.07398309804750891
-3.3394378382781738,-2.94429893207747
-2.9369117590609157,-4.691366777607422
5.558583091526353,1.7873502365945637
-1.4269477341775172,-0.9858370836234658
3.5247869605218214,2.2023446172703447
-1.4872192718791484,-3.612387967186059
2.000356191594901,0.7611632879233035
-3.783043549814356,-2.310739080345811
0.17890492482676024,2.1014721975788317
-2.906991724289523,-1.7098329863327189
0.24457527534385304,0.9544039523264856
2.3828914509788146,0.4849043081892608
-2.237779994551857,-2.8687772955559447
0.864585308266687,-0.47602366839214394
-3.150317861090084,-1.2565576625831414
-1.1843110242534567,-1.408473547902096
-1.2573413676244611,-3.9112801786853293
-2.3814847295566257,-3.592890001937435
-2.6794284542012647,-2.604374763860741
-1.8835340897084,-3.816715432318766
3.959925671707585,4.472654205971245
0.6521786359131134,2.764360467437543
1.9353149557029714,2.035254804594224
1.1320155007860098,3.5037264090109397
-2.2142866556041922,-1.9903472209450757
2.6731159515630782,1.8626949933276897
-3.2097710512405087,-1.3752461486609922
-3.255088675735066,-2.3687164525291595
-3.1540570901818272,-4.061363290037253
-3.072940466712391,-2.2283001812385113
-1.5491859807870674,-2.24656251961125
-2.861650283495799,-3.505837143276998
-2.984806649075584,-1.4587735519904137
-0.23281489900633368,-1.036967970350712
3.6460012675658673,2.282081438909932
0.3574697539859797,1.1221507807544953
-0.5004676488748738,0.9805456497034855
1.6228543729974465,2.611727507885252
1.7207361877096194,3.388017981767401
2.1242223014202133,2.1565613166097437
-0.4108769022715941,-2.6026878426683533
-2.563508238231544,-2.4053048793324256
1.041314516660513,1.2353795088955097
2.0321043496107474,1.3877193669244763
2.2076211075188406,2.275398428598969
0.7523113464559739,2.5471945272974437
1.6355574095971097,1.9277351567985224
-1.8467995125955952,-2.669211277771569
3.092685404914057,2.55652092101414
-3.7175181410826657,-3.6832729037959946
-3.6967989766908333,-2.570304972961705
0.22428237856038247,0.3647364301886997
1.8131435451613422,3.3812447710993654
-2.5963425218034732,-1.1501751873379118
-1.1996455875728516,-2.042939630374224
-2.318030315383642,-1.7222142351819614
1.3733595758913573,2.3033151342976343
3.7803096772345706,1.3901931728271364
1.0672808939149934,-1.9143210191980875
-0.9059017729579064,-0.6280618718486604
0.4472565829733286,-3.0198048610277057
-1.2022588849568527,-2.6641547795422893
2.256256443541817,3.791388762871401
-1.9327783678917458,-4.025951499528318
0.8498154173819645,2.728027412201361
1.7038356742324328,1.0981002278118346
-1.4488836210183516,-1.035789995930875
-4.62985821907509,-1.6654067183886052
-1.3329571378253378,-1.8462438019933596
3.0306286306349035,2.308104812471436
-3.3942887218768636,-2.4236079165233635
0.371327300537325,0.028715764193118165
-0.9988601891538897,-2.1137108764512242
2.7988388274534777,2.9512317829715973
2.1391568540545336,1.5488123025192095
1.8895006814300703,2.7514027879464527
-0.37305186456948336,-1.3562509305500867
2.2518162470839123,2.2339487578808668
3.5542397323131363,1.9249573588860427
1.6810595347334165,2.002690228907042
0.5767821226365895,4.634246441790999
-0.179478655472453,0.4967888820513289
-0.3579869165815319,0.446819469502826
-0.4364799014181262,4.6362248601567515
-0.7427558776806724,-0.6477302960015283
-2.4238566446086485,-2.6036444517220185
2.0462758271697394,2.0417990137569517
2.198371868492072,1.7931340894141377
-3.3182160377686927,-2.4138067444704334
3.7253452551963635,2.8539450309907775
-2.896397433119522,-0.4155505964322792
-1.4840213125611386,-2.830894555270174
-0.2511881799561324,-2.7231404333928433
1.5719644895418705,1.5894627481300554
1.2738232011014636,-0.9335318312718202
-3.9193173591584616,-2.2377969620243934
0.1884156859601136,0.26044154915689544
1.6815286461455061,3.1020224900094733
-1.8027254344062738,-1.1496412495850628
0.5217739093791005,2.048510550949613
1.6468662813751167,3.3413936550022543
1.9171609147161788,2.6423715622549406
-1.4745726769783873,-1.7002017038683215
-2.768073062462905,-0.2735508110903646
-4.084607797217604,-6.023798783748918
1.2710002108772867,2.7508351296281965
2.9605202679755007,1.8929255413622348
2.3396440570480825,0.9407228557379359
-1.5103727816562842,-2.038519243042719
0.4551266529208995,-3.4546535039395363
-2.27297836881204,-1.788599976493506
1.0696784072686647,-1.0260044889118962
-0.28016043558322057,-4.328425830464115
2.1503344909889472,2.806716040157546
5.028685355300345,2.7135328195179866
3.8787888810501325,1.0673998650744985
-2.7592681956958622,0.00493444352694139
0.8535524933251906,1.7833088265930372
-3.2206247847391145,-0.32174009655266556
-1.0335157651437674,-0.9951039741694885
2.0248423497158474,2.4636492794862974
-2.541718265666482,-2.740462596673241
-1.9441967126010278,-1.341127740694264
3.6747798203563997,1.3593099697711217
1.7751622567747132,1.8714313159393006
3.2278033827441646,1.2705590914168035
1.8155527913739475,2.1452740838876774
-1.0670724520344348,-1.907803520583296
0.6018650079934764,3.2981415095225857
-0.5808703401487305,3.234226855202271
3.003185208055531,0.8580638391127928
0.12244758667310518,3.435939589221364
-2.113092163288223,-3.2685840024680415
2.6505217950497157,1.4101088402945265
5.000393995575031,2.233704033280702
1.190619337476683,2.4797326524653625
2.2409570850085165,1.12449616624396
1.2487442508510493,1.0343722364652326
1.1638675732517298,0.236687928224105
0.9068097341839558,4.047315662666593
-2.555600425188525,-3.0109407233133663
2.9387065735475835,2.214439091160987
4.301684083990592,-0.5450060671316943
2.960911155010162,1.702206704138123
-1.0915568308098966,-1.9028826644249073
-3.5913150879148406,-1.1357816539511312
-1.4305181395375737,-3.655419674433273
2.0907700811560463,2.0304336195451436
-2.139322506450797,-3.771480991725351
-1.4612868936830523,-1.2644717381616672
-1.8440074452211168,-1.4763046387535366
-2.7224425705812583,-0.42406837221871174
0.7534432065730556,1.1935260049885512
-3.5308771735729962,-2.965858515200241
4.264854535246137,0.9246115120805509
1.8091536592701645,3.279921789820295
-1.1633723409337564,-2.590836285029344
0.6818957872071985,1.6414522743159314
-0.1618268787779238,0.44995597822532973
2.546943711914944,-0.9518141574565537
0.22013872064844353,2.1976539617757886
2.9666278602117,0.16660951537717827
0.46303713275645086,1.2043675037655355
-0.3540036354870817,3.3904059223875467
0.35172448500352393,2.170536675910883
0.8573001667775952,-2.681650996041319
1.4407652761138343,-0.11186888950077245
-4.107696757956894,-0.6465319947509363
-3.4368893904688806,-1.2780665765174462
0.5854953025368439,0.513109406622061
-3.609491255781082,-1.918175331070819
0.405193023770116,1.919897467209295
3.877488684191006,0.43973916004758573
-5.177649328041925,-4.680648678104358
1.9113224799881952,1.3422013154042385
-1.8863722731035133,-2.64075043859812
-2.1463775964950997,-2.9702405119893935
-1.1914372369716943,4.967899481965414
1.030483739189016,1.15670655730143
-2.7129849250995695,-1.7774002863082137
-1.9199873968183165,-2.5749079689334025
4.400465009612983,3.424548653139343
-3.141779175883342,-2.592202506496585
2.0439901906740428,2.900413513421734
-2.3448935650200027,-0.23993608321594384
0.8987575381346633,2.9869515758891922
1.3277334710747621,3.0638454857152606
3.2395477151819687,3.1106659689171963
0.3168415095182098,-0.15054819556447807
-1.9518578312829298,-1.7569481931788986
-0.28338366945963633,-1.4065049561263026
3.0849662547148977,0.7139022585303407
3.7739682605397924,3.868689452471891
3.6583572211232083,0.9824653451958372
-2.716683336574558,-0.6720258517619471
2.2735993729366664,1.5494498629487652
2.6437662322321316,2.1571872549676794
-0.24935426097869562,-1.8193655961203608
1.023466136121335,3.2724701457489362
-2.044085480621023,-2.8093263022525186
0.6365055158239805,-1.5386938002824575
-0.3198928496948885,1.0380192383912759
-2.1480354683263614,-2.2323471008369524
-1.7242259356562735,-3.2229803089690545
0.34925071458716417,3.6148319030408196
0.30017605444649753,0.4263087595341908
-3.0717907184430673,-2.24855056816743
1.2518508313328318,2.4736536046246638
2.565483948374551,1.194336130540338
1.2974347750736226,0.7385773819873587
2.307517281133191,1.8363949015952252
2.6750257481392317,1.3474518919569034
-1.0140743544641944,-2.6036845246656073
-2.518877425174378,-2.2384074862222807
-0.9055696212479503,-2.7003141155225743
2.0086839560758545,3.4531037569750076
-1.457347273020988,-2.443150487888831
2.2328439463520673,1.0279374602958207
1.8270964563031,1.2723153646863397
-2.75372751712977,-4.956130599932306
-1.7661217504719477,-0.6011915848728795
1.4256805548468443,2.5109337513114993
2.891293343194895,2.283032286236534
-2.998752425034988,-4.046354545876326
3.233209145374845,3.038915938348346
0.3631305951389716,1.4929020520576244
-1.6330384372235325,-0.6648854168615901
-2.069143119646483,-1.9577931072599186
0.7782649364974121,1.7749709632610275
-0.6715014600571592,-1.4682786175468436
-0.6255004713872214,-2.5793054682148258
2.372331863217516,1.6358729549377053
-3.4618487851718913,-2.0022179401594906
2.1988921162015926,1.1713688056157343
1.5366889147260445,1.498680645407568
1.570571885603016,0.7744673361614867
-1.2610527003326863,-1.0322616674102445
-1.7515530065396672,-1.1280672267089553
2.0540009191429665,2.466288104026045
3.5551555267861192,3.1866105120559722
-0.47984620135407674,-1.4503521947447455
-0.7636514228554807,-2.3858872467271994
2.0696663708305256,1.23824683736892
1.5675006223732677,3.86548179853528
-0.029012869550775644,5.97117812225758
2.1121849613286603,2.0797422074853626
2.2476928312448403,1.4345622909108626
-1.312396459866024,3.89082564424527
-2.632832388412952,0.3154461910305981
2.818070400513978,2.7846868348107408
3.029370937861785,1.2564306955825284
-0.9566750479704009,0.6656443656267839
-5.474768199509732,1.6305287353343467
2.8989316375030314,0.6968359196346403
-2.2178506427344824,-2.6825151440555395
-1.1310953092562148,-0.41486666547203943
-1.0350871865527034,3.292535981895412
1.9916074888633963,2.5258423473050877
-4.040460249840022,-1.6880995064001438
1.2383702912965677,2.514818413680569
-0.9682385925194203,-3.516795450693146
-0.9342027506529293,-2.67445768426925
0.6182443723695044,-1.6459095881489396
-4.810614033535133,-4.286745539950042
4.549222756003837,2.3592483358604666
1.4941770271220158,2.5912318663764418
-3.7858973077966662,-3.9004979575677474
0.14161899580782245,1.1453317678305706
1.3661681833166073,1.7994242815524601
1.00354962853769,1.2598969576977104
-3.4860612115305,-0.8933026225928846
0.3707278100241984,-2.089675996579672
-4.2976355393637515,-3.037295934379685
-1.6011035333625518,-1.750973619151271
1.405310578263958,3.146339050216164
-1.7852757689244338,0.4107705734606828
0.8391927705886122,-3.5359544094823407
1.5164700933226667,1.868348091459297
0.19256227250711677,2.347541976683438
-3.2855954072191715,-2.6979546660500615
0.6499359686035124,4.681381645196892
-2.272132582090373,0.2862349868491916
-2.8910604192656257,-3.644625444812972
4.362985232863718,0.20230100407265117
-2.4082771259573303,0.49752643422791953
2.0726784801137925,-1.834856315431467
2.684299285046445,1.7946170384703304
3.485159995058739,-0.5654820899052044
-0.8205420203097464,-1.0436384128580216
-1.2014307494551884,-3.675454311906768
-1.0274625185654265,-1.487935777809997
2.931655284239967,2.767324409502109
-1.194398195756949,-2.8928734609074738
3.378646584008308,0.5229731943887939
-2.7002116203826096,-2.0402585022586264
-5.4729370176410725,-1.4162176660803527
1.0547659499575108,0.23819371592922756
4.538714654148781,1.7045654399436776
-1.902900948015029,-2.1319056923790125
-0.6534415602676016,0.7515680764749
-3.8751418061874534,-2.644515094758378
4.034022669228182,1.9949079268938268
2.9745981217754554,-0.6124762402859614
3.5844818496320783,0.369768410710994
1.447190103815248,4.354849189733168
4.01678691826498,0.7755148540621501
-1.9764848830094972,-3.325770630008031
-4.330645179095498,-1.5369487187029738
2.6404484833871233,0.8181350482882459
-2.0367311155571004,1.3968001520041566
2.595755526896647,-1.70194635211285
-3.2618602807402715,-1.3661573289188604
1.9717056327928202,3.1186308282146595
-2.867001795836722,-4.485843226381128
2.0014347678253688,1.3250031350256468
-3.216760943407376,-2.097584882709446
2.9704543079016683,2.3589412108215333
-2.8707867570753356,-2.811007728195791
2.34889638297088,2.0688581903520937
0.7757144993681371,0.6913878693895137
-3.743661059908093,-3.0232800929857384
1.3432318722878342,2.958034594635367
-1.855148993859512,-0.9726034491213811
-3.431169667634121,-2.6767280238351088
-2.13959626877381,-1.8833693077539728
-3.0544580445849263,-4.461909789454628
-2.8128677724804185,-2.978202297487077
1.764519936924446,2.14479438524684
