0.5203384572010457,0.44322843501035286
0.2683509480279613,0.01312024165529535
0.5980477273124003,1.5158325136003852
-5.015428434206612,-0.9777264909210097
2.13142911400422,3.8634862020020746
-2.0220326168395353,1.405125064184276
0.5842802337201772,-1.158927478673325
0.2391713539196091,0.19238301141688252
-2.040722728850331,0.6424565447669935
-3.3519482067590927,1.848703919218551
-0.4606686467836846,-0.12356140961517552
-2.577344308924299,2.909993735563898
3.6637536298827738,0.2998037077674547
-0.6293709812923709,4.196786833436768
3.596154426077759,-0.5327510294988718
-0.11794333099108463,-1.370142133001618
0.8604205995075775,-0.13864242092065074
3.4094514433382126,0.5517349924006771
5.094541058484665,0.592007982006054
0.7115822109179891,0.0019413883422788325
-0.7315085312109038,0.06746644355448031
-0.196320885206633,-0.2999683082826211
-0.8048678299322003,0.005065574333322415
-2.025415683746435,1.2069861599278426
0.61469195892302,0.10399805167290194
-3.376096333047806,-0.5093393623105509
-3.981929764200698,-2.538520060561776
2.9308734909051313,-2.407761450679282
-1.9564297750554906,-0.7076467786617229
-0.1267443985990504,-0.3148691558406377
0.04222259954037269,-1.4006960048591284
-0.8146387163829151,0.3096598565122742
-2.267599328564322,-0.013670160816349766
-4.232531571220891,-2.4967602608115245
-3.995911671112805,-2.293103235516772
1.0851393223812866,4.167490989151693
0.7008586869143539,-2.6865376537838186
3.3367446201936937,-1.4369858928798935
1.9488118357313486,-1.4666531732013948
-0.5086443637410692,0.03613682382590003
-0.3508209983649312,-1.6858257306241071
-0.2287249071881483,-0.23015565443064623
-2.1448658918875307,-0.5340343298107295
-1.6553291968444468,-4.292286677933013
-3.7315377922958466,-2.9078239188296298
0.33281399753763563,0.39392375044008
2.3381707656308732,3.913542520492702
0.5639406228048557,-1.244742436339375
-0.43202881015635664,-0.33516668447250086
-0.3327455608376635,-0.1601610076459894
-0.9738075769926217,-1.3058954473391573
-1.4670886370428886,-2.8724645139399416
0.5153523748047946,0.27775974658936664
2.2753755024074707,4.096035986675411
3.063676909349546,-2.6130776230682935
-0.10037171223185348,-0.39297716104413416
-0.7955766122781269,0.11132540030011608
-1.0583686631551474,2.323039902242292
-3.4024092414305955,1.5710668191088013
-0.3248071360382304,-1.631487027614526
0.08539385066599745,-0.21478384390400646
-3.1175794151834912,-0.9736243638007893
-0.6288592407009537,0.904269154778104
2.872608447651271,1.9099572987810454
-4.4178501013999325,-2.412118876851307
0.22144991697041022,-1.2201982560082976
1.4277291522912054,1.0274459474282875
-0.02637240750318616,1.2813877217079606
-4.849263937190389,-0.3647800332593167
-2.0670548719536175,1.555493724184119
-2.9268733615984126,-1.1580317231592514
0.6997929669143145,-0.7207713376893677
-2.179129880349378,-0.019171560677182314
-0.6110762820762196,1.1640089106576528
1.6936397166776003,-3.7980597230968858
-0.4487580748130222,-0.16950149976878082
-2.388483358042316,-2.4737849782607775
1.9251565984069108,-1.891036522981556
-0.10484711882570873,-0.03683502038448258
-3.5445242167432625,0.24550056949465818
0.7534905601209337,2.92537529748255
1.5054712569025153,-2.300712955778494
-0.440819577833158,1.0638239642541438
2.2534735769908547,-0.14493702393829558
-3.299996041805284,2.1630052061039846
2.2773477417988186,3.850701809382084
-0.8481403798870593,-0.161066764778474
0.37444756293716214,0.3922063138973266
0.6582844076431463,-1.0046353426445642
0.1205521481284433,-0.025256855442302162
-3.5530357294795776,0.9777540140182508
2.7211039520584936,-2.7900658744351996
-1.3543101659849168,-4.212933410519561
-0.2679436080599159,-0.23193765290485557
-4.873218452669162,-0.9919626384545045
-3.2232292524891726,-1.043408401962625
-0.22199711350676815,1.3283128050763733
0.9129557319367838,3.018410591389726
2.3627246375456425,-0.2656162793366008
4.882087683234973,0.21792756693383974
0.8067795581162162,-0.3988450664584729
-3.603057051539464,-0.1783282681732317
-1.90080537689189,3.808194307115702
-0.6351519047770577,-0.19817949831726495
0.7547099302813641,-0.5480298486588788
3.2532755088347693,-2.12536417545149
1.3131191616959548,1.4123617792342023
2.0060918695293175,0.3065536738995431
-1.9923085263896017,-2.2759604211342377
-1.2219036963940866,2.399833329055009
0.1846403350752434,0.3841456604535967
0.20172872489314542,0.04906423219161103
-2.1610133926763577,-2.6178869196115215
-0.8146789418080007,0.2935252171168434
-2.343136494723869,3.5617523267251823
0.23878786264055057,-1.3860016360618428
-1.4469462935857043,3.6687506659043994
0.7220128398505187,-0.8414308244394342
-0.3066478054237891,-0.1729651536047006
-0.9430420559290195,0.2549205220386737
3.002081235729462,1.0591924684674427
-2.143321536954998,0.8372512920607451
-0.7399551372025273,0.8778646730539248
-0.7267430443636527,0.26726843647099163
-3.4084539144736676,-0.7383768616147465
1.4462751464403731,-3.7906566772538413
-0.9174310687917391,3.9407999426360663
-3.3032455462213117,-3.1832468233675866
-0.11618082256131985,1.3046983120733853
0.7802954483554448,-0.4942220468218691
0.3673502508976894,0.33847082780659404
-2.3601019688119274,-3.8259335144904405
-3.6310754368737435,0.0778403712667175
0.9362241085645824,0.02001329909958318
0.41806957289868696,1.3546585915467906
-2.7487824718147804,-1.9180617785768095
1.6409687135810485,0.7962916178924125
-0.10786245956296277,-0.15947096808065703
2.1884171071341085,-0.4832346453136815
-1.1001474353972445,-2.7731557805363307
3.2642589738719017,-2.1420454782913945
-0.7645136767178414,0.2689910416451463
-2.993241753868282,-1.5130527955120878
-0.9356955142726324,-1.270098818375191
-1.8391345710775096,1.5418458217756568
2.0132214465867304,-1.2196208938578068
-1.3574770543944548,3.921792465632339
3.435194870941726,-0.7441034282026855
1.971659401773766,2.1795147430274127
0.133970106535296,0.05378633908433893
0.996098663049949,1.3690478842003453
-0.12918079385308262,-0.25414800900934265
-0.2017910319354199,-1.3729343242921617
-2.099165735094505,0.33226893571292965
3.4377269445154077,-0.30694209013725676
-4.731557880298147,-1.329924750694485
0.7323641463565561,0.09249865613393052
0.04413279458695889,-1.4529420034133418
-0.5701878921694754,0.14898696755745602
-0.9965498204331782,0.48327154251526716
4.9784816636031595,0.18647053730767188
0.20912390910970263,-2.7445130820440373
-0.5364923548515648,0.7573598064151333
0.36482356186653536,0.23821373241615135
0.7685874503261775,-0.23050823966438297
0.7937574324753334,-0.0940809873205006
-0.39155311843430374,-2.7359872370456286
3.489801039952629,-0.1122839015833261
-0.8461913823080764,-0.05517318197321848
2.0008567756118336,0.25416775577819295
0.522821415678471,-4.034573058270074
1.2219335506084688,-4.157361302735799
1.291398847115367,1.159424198595745
3.005215807775775,3.5685660768657925
-2.6357852367468064,-3.856917407698417
-3.4900776306314523,0.36650282229846776
-0.2649363331415293,1.5529906880024147
-4.430352437252175,-1.764471428817166
1.2935497775246587,2.5533697929370422
-4.764302723132074,-1.295850347081299
-1.1226888606007877,4.070371313855745
-1.211367230803694,2.212559001025267
0.72605635977221,0.2177295416958704
-0.6112898615184545,-4.322798178386187
-0.19956590177510933,-0.11082968858808967
-1.2728025790917787,-2.6188048941112716
-1.6307960281985048,2.0491015354753586
-0.22016803146298264,4.43799676838183
-0.5126053061146659,1.00538479846742
-2.053694296955522,-0.5555832862383965
-1.4651791837716412,-2.6859477549770667
-4.208682034123038,-2.0607138512041603
0.7209147725729219,-0.6672410503399063
-1.0490777275870842,3.9722419029373794
2.646087732841405,-3.1543469774614143
3.1268710934314576,-1.8617075366802058
-0.6695898985419135,-1.2900940705751471
0.5107837210149118,0.009833594023454295
-3.04060718643731,-1.5191823789537475
2.1471596696655184,-0.8310190784873626
2.0208171487923217,-0.17123437440556433
1.6884643663450305,-1.7835770743073764
0.5279929876262319,-1.27903613636262
-2.006710538375894,-0.5538767491520763
0.4441515453921178,1.594107429192348
0.6231176590611229,-0.09604728591551923
0.7861520317930567,0.10310033347282271
0.7265835687036454,0.1654012176217708
-0.1501789040587429,-4.47184062001064
2.8917964708691946,-2.7150111708211053
-0.47597812907340564,-0.30049331958574127
-2.488283940066986,-2.2756000645585956
-0.05783996404056872,-0.13496836970002107
-0.251198200710717,1.3204165066469757
0.9263631703776166,4.293068661305932
-2.6837243471074084,-1.9331146759743898
-0.12050667455603749,0.19799045156894907
-3.6894163409869027,0.5281100547854363
-2.0007374267690237,0.39247405761546894
-3.457675636712963,1.8631269300659932
-0.7628381088687706,-1.3213117117988304
-1.747311620073698,3.759356096104227
-3.4574465284438154,-3.1365141566210926
2.018812477452542,-1.0207081407647403
0.4630880020784478,0.25337086096474437
3.551756891293488,2.6584158583231634
3.021946269557446,3.498277247314887
-1.433467162668806,1.9338888032436667
0.27223898553469417,1.5650337232402052
-1.2275883507546848,-4.137097349958015
3.0143348816780775,-2.750476965003002
-0.30201940390350723,1.1888126245125112
0.9245728287714688,-2.463923510377131
-0.2816859546099939,-0.4132206442752011
1.6372275032587533,3.975063860744321
0.3348784185080982,1.6525681540981496
0.9473876305136381,-2.430505094933258
1.077538877673736,2.982435592490391
-1.3661525894286284,-1.2004791231931384
-2.9439372547259346,-3.28389537499252
4.781617460335153,0.5742111699778483
2.176206688024342,-0.7901903939899162
-3.565176359478413,-0.027543884935303735
-1.8064360235296029,1.686644318073895
-0.5413371024601297,0.6529869568190936
1.2780512697499897,2.741414924339734
-0.12770578414421824,0.3279181876289276
0.027008986000138097,4.38006390158624
3.502421077896299,-1.1153900794927023
-0.22808035552895292,-0.12244913799860688
-3.3791872308550657,2.2460152547335492
-3.7550570808751487,0.7146791178708498
-1.2798099492801929,2.3994776617852245
1.8327023476627495,2.629877098733817
-0.7914175335356225,2.713798924089031
-0.08554708382472338,-0.28596056766304945
3.1787967849593475,3.2958203430910356
-1.897599914324498,-4.013133172531868
1.8360319171722064,4.086151872297818
0.7149361111370559,0.3408622706797655
-4.837998821980109,-0.425549877213785
-2.4437004137340352,-1.8457075497560804
-3.463430085812987,0.42868534719008666
0.4096416674731538,-1.0172453471178364
-1.5654799585509498,-1.2064530824062933
3.417140559228019,-1.0003082189739616
-0.5593177992373917,-1.5549941700576342
1.2498774438533764,-4.036709427195701
-0.6074417900241148,-4.481869780110159
-2.739972524860204,-1.823089373645277
0.9537360422586345,-0.712289876392778
2.31832469738143,-0.05153116642766595
1.4138442519503502,2.6012555276955838
-0.7855149400632364,-2.691123274998765
-1.0829533187157876,-2.7285432192543033
-3.4642630117484705,0.25109160022850585
3.0732965836806825,1.463746597017204
-0.8804730653817592,2.579579489894229
2.9556731521132793,1.4189017973953877
-2.306173042150882,-0.21987910060299365
-1.3459185260231337,-2.833343389090283
-2.144338048261067,-2.615848185214326
-1.4534017222841376,2.063110607400785
0.7070803148030592,-0.6133581147494642
-2.547716339583081,-2.3500152189959604
-0.5649856179759287,-0.4189647301830254
-1.946157754277738,-0.06932099118548549
-0.825085130029031,0.09622138136898385
0.8381324732385547,-0.26532316583265647
-0.2489623531482562,2.8164073790296724
0.8292909354464829,-0.6316047881408571
-0.7213651970903107,0.1234040558545112
1.6982413125192668,-2.0427427060426906
0.7363651598237394,-0.22395534627149508
-0.13517317722568886,-1.5063471071252938
1.6726671035581184,0.7822486562311081
4.235314343091231,2.2038125197953793
2.8570290127310205,1.9942888165422845
0.06954286544461422,2.746095367566973
0.8048895427834317,0.07524599773260966
2.0234155729027825,-1.0947759817246134
0.398919850143595,-4.154899044513021
0.46091599570203695,1.388503521689278
2.8083201940791946,-2.7544447530846408
-2.868374858529997,-1.3882096526627707
-0.37794383020279226,-2.861591336691896
0.827565895049089,-0.11379185744314049
-2.231466446347301,-2.3288999214165558
-3.45858601873001,1.125675215177335
4.580844628384851,1.7956978801731183
-1.13553780182459,2.326466926897753
0.6028155243413486,-0.0890622207309766
-0.2039993102854863,-3.0388963098779733
-1.7009866310350819,-2.5187372732228566
-0.603716733779938,-1.302160771954823
-0.43122394646774076,2.5396144266414074
0.712315833830127,3.0456966406153527
-0.06430148017177353,-1.432053374120096
-4.67230965881323,-0.834353097997672
0.2789790530748224,-1.309110729395567
-2.1818298998148435,0.6091291120304118
-1.8214249691398479,1.4804708979887522
0.49522060793727424,-1.012241468571205
-4.452323357015207,-2.023857247629123
0.8520829113983575,-2.4525571462962743
-2.2180620652526692,-0.15664859644925663
0.48759654968091437,-0.7468573650703523
-4.567724484192392,-1.6277185525664808
2.054492614733714,-0.4509211680467576
3.1080321494075407,-2.3230382466451927
1.911047374955385,-1.2196873606578964
-0.2619067093336336,-0.371054149950118
2.8957874080960675,1.8843155580935402
0.2292107262637867,0.17123610282060156
-1.3343723700904966,-2.9643086557375398
-0.24955137600313052,0.012046345682188764
3.8416949548966173,2.74551374167036
-0.2988917854173478,1.187510335236162
1.8701943626493323,-1.0996055718936806
0.33594572280997564,-1.3486869843965454
-0.19274592423011713,-0.13322556412984426
1.702706150003097,0.7328683478755227
1.3551496599105348,1.119720583247757
-2.119218876693504,1.5207895645372433
-4.032206355712012,-2.621655533658714
4.8617684200186915,0.8434857611035601
1.9920964648149082,-1.571505123689192
1.2898539035158894,-2.0639820646164053
1.9168676649052694,0.31300815404098065
-3.0264578175488808,2.393791652718077
-0.24170080780459774,-4.124941238799076
0.022913933171668496,-0.3434686117575857
2.538794217432481,1.917757679972667
-0.38873643451013956,-0.08677362044202352
3.956416622399014,2.4124997491466864
-0.15168840864724803,-0.059080809840824394
1.429807622131742,-2.222840700784541
-3.7567962703491307,0.17275361618327564
-0.824895914933681,0.6737137166512371
1.0694668946801573,1.5732260435933627
0.1352682294110753,0.14522698537429482
3.568131806105954,3.1989116206026234
-3.607411413258109,-0.1492208088176164
-1.557362435752871,3.8198580523238936
3.4084100410460447,3.380941943029467
-1.184490548217105,2.3466962447899014
-0.8137380678723384,0.8762970634602344
0.48938184783733374,-1.2778123201365301
0.976549223911762,-3.9604588692442557
-1.8896571917515246,3.6518040823060383
1.3839315176818499,4.236804102651882
-0.6299533239323376,0.016159928368031526
0.012586172347572672,0.21252064251275532
-0.6577689269725904,4.103310128126517
-1.2793291086742702,-2.6462994680138006
-3.528279336579416,0.23551936729510367
2.4507255248728974,3.7960319490154983
1.9940414260804893,-0.6823321103964897
-1.3759855552531444,-4.1937327952177625
0.5660892073560273,-0.07295214436900735
-2.032211060610983,0.15544886875551003
-1.3065215924141727,-4.382650049992357
0.5019540916091714,0.21899987815074096
-2.0700567825649463,1.0044411208266442
-2.363461181442816,-3.932184226298454
-1.3608805194279543,-1.2286450269387976
1.8179874616668568,0.8586039975386727
3.243664836911885,1.3074521562744583
4.321643382799764,1.928463014549826
-0.13633769163068932,-0.2768534441537546
4.675913041099288,0.88536323688408
-0.8602538771433625,2.366248952047088
-0.0030792518706005134,-1.175778221180324
1.8045861787186155,0.92950238083572
0.7420125520162535,1.4243122227023681
0.21419762230646924,-2.7125983551054036
-0.6599432290553446,0.039121046814807256
3.4942683448518563,0.9427828239494743
2.674620432172919,1.9636989821803414
-3.36089288045508,1.6481347956568397
1.8996291694542375,0.7215038419151039
-3.3527301487704544,1.6361889173402318
-3.4652085018114565,0.9947448931811224
-3.202431301587832,2.0928548495944206
2.16735753143412,-0.05612384322308532
4.370919014413639,1.8087271969935192
-1.344680423956633,-2.5070758095604835
-1.5980883058406974,-2.560606803907851
4.224183963412492,2.0637484852388486
-1.7698816839491718,-3.9991076648914388
-2.079655568707866,-4.133292123190987
3.9035662812729583,2.338424362681251
2.0467609020652926,-3.3092133360494107
-0.5977496911490516,0.932791405442424
0.8550589215129728,4.433954069085813
3.544365013272991,-1.7967109851119485
-0.5004221399024344,1.3820368705176118
1.4634535381648615,1.147407672604023
-2.018512507830137,0.27114764096609
-1.4065359987431474,2.1153536748557245
-0.6054365114287419,-1.3374270196183817
-1.5088288500117233,-0.8451099867677068
-0.8329621085525541,0.16895696289070733
-0.10589726916359982,-0.2076027121186596
0.0313853292440095,-3.031164806956532
1.13331777433139,-4.164288007864681
0.6861291488674984,-0.2278918709443728
-0.36402339732406197,2.8780123920619514
0.8219985008668522,0.027623195739737927
2.1110078677671056,0.3718597937190731
-0.0970151886993718,-1.2091334779956955
3.1216277704792885,1.1856947165178995
0.7315765535517486,-0.4918764928381808
1.652251012005532,-2.049998322533433
-0.7512068175866453,-4.28088857592444
-0.5934475198645819,-1.6200854286044846
-3.456264628708215,0.28528080211868867
-3.5212013209590367,1.3764620698804917
-0.6616282687948833,-0.15354513187574367
4.994652349444949,0.946128526586361
-1.8205955398433655,1.3877413194967805
-3.1286039889476096,-1.0957809823249403
4.722554918277156,1.0835854917788563
0.9641728122975615,-4.160627759265372
0.7870796407896945,-0.12326168599448253
2.599188263166723,3.730884618516831
-2.1089630835946003,0.0633379257602233
0.7052792882864176,-0.08886906349512837
0.8266003078614277,1.5746800915617178
-2.940800507066079,2.4344191613987394
2.2555535229979338,-3.3112611974081902
-0.04646185238076718,0.22127754064223254
-0.9240893647078322,0.2106497606536299
0.6090940739672596,2.7758794953041908
-0.4046924673458403,-3.0081239144237544
2.041737152755057,2.1595432106098356
0.793597725579899,-0.813066271828318
3.0960632836743476,-2.4197330339645013
-0.22554122176992245,1.439676908375238
-1.7511635252603497,-4.090240435310957
-0.84514323830549,-1.5262679419025074
0.7406632105961021,-0.9128661111388274
-0.4313302289185808,-0.1899013632791828
-0.32567047579531727,-1.410012322609773
0.4108442317724287,-2.682890294429687
2.386181690577571,1.9044392958120098
0.7909273058637584,2.7379298408278894
2.0978616234832526,-0.5015605345785642
-0.14915965081592336,0.053711761045506026
-2.208541395494128,-0.3847887695774028
0.655777690540419,-0.9656636636650792
-2.132111301154492,-0.49572352034052414
2.865992657637711,-2.6286227490328624
-1.87626811797493,-0.7425049999286463
1.9240878294418222,0.774510254568202
3.5132173298631613,0.17045269393322635
2.0051876693973645,0.5761814085048053
-3.4943781234065474,1.5575113894916865
3.595199173760743,-1.2893982453847896
1.3827358727355754,1.363489781274966
0.2926490298947043,4.4723134483378795
0.759392384987674,-1.206476384280937
3.448273145553027,0.05118995785975147
-0.8803924407615776,0.8380025471411906
-2.328212519976088,0.7141565088677742
4.778884219169612,1.0372992527832894
0.6557081611413097,3.0166142491026986
-0.35880262876905833,2.6896606145506614
-0.5822666732629136,0.10198817061323533
-0.5311437658765783,-0.18982953332570984
-1.1781379495950655,-2.9699233585496794
-0.6635402263123021,0.5534797578791794
0.48301136843178505,0.2464551491529627
1.2557064507923794,-2.2063789761733674
4.021182796913532,2.5600700736635407
3.4665955660558794,-0.6622551757057775
-0.39491901500246235,-2.9542159963717354
0.12062481999902067,0.2817249420417241
2.1039127815170175,-0.533484294738483
4.080140997469057,2.062102910538882
-1.4040125717565948,-1.443809978357005
1.7450847630244863,-1.8268779339156527
-1.60287569686068,1.8480913754264388
-0.6766874037556692,0.058598638293552996
-3.446943430257714,-0.024435399616146047
0.2390044802847246,-1.4178169269255383
3.728428123852456,-0.04316631355940795
-2.7347921098102876,-3.64237266476354
3.384890155291202,0.4017784592810868
-1.7657050520589628,-2.4597201615691944
-2.2828771770960024,0.2275027675429942
-4.8135206615264226,-1.2360194745697881
-3.7595865344889074,-0.21642619772199037
0.8756318227182056,-0.6013952658918523
-1.9275597004889682,-4.1781401313971225
4.853679930642074,1.4766282402607143
-0.7657302311335368,0.18829379456684087
-0.7629456166304996,0.1862003373244557
2.2378281915299385,-3.072277780215322
-3.2682137888010545,-1.2642632717419016
-3.0954116376882226,-1.4993169267792885
2.48387501460463,1.9666649199374895
-3.7785162720474643,0.05193009377318615
3.7587351609799207,-0.17222671433623388
-3.2294150213816124,-3.434269010509295
0.665197360631314,1.5257203816175833
-1.887971451122217,-0.9679170846293279
-3.5759017628607452,-2.92456105521762
-2.5708467779944653,-3.7729212794709808
-0.6086971236136884,2.4372967684744355
2.0238689199481326,-3.4981220636440162
3.2493935297324117,1.37895396419452
1.1781764989009234,-2.049587681903485
-0.23123932933848523,-1.4199733361799327
3.9827084433423514,2.2668242170174784
0.10233179295602,-0.16440577939003842
3.6051696277321463,-0.5198303420494099
0.8843923515026834,-0.9176038242136306
-0.11599356303245295,-0.00651597366871377
1.9699330886925865,3.9710718229882467
0.30585601802390927,2.9239239484867667
0.5438263254432445,-0.024301662807936997
0.7459290538220038,-2.670828693490926
3.409374312468751,-0.5238853634992215
1.0401840593378247,1.3694020861901555
-3.4429691539165796,-2.813350753598295
0.15317941755498513,0.16861854479719057
4.778874511456636,0.692970847174316
0.3804926868126615,0.2717844878777979
0.16770010412251968,-2.712292736216617
-0.06534456721546789,0.011785925685375481
0.5781601438591218,3.049421108865853
-0.385333816093705,4.08291946975926
0.7400904064933211,-4.2711163522472795
0.9556059014187082,4.46015661892336
-0.9048176026372476,-2.9108191932606298
-2.989913302366067,2.7994989334777425
0.6291124834940285,-4.303614185083986
0.26548349708550634,0.12534654484111202
-0.7397007455311089,0.34309726136313706
-1.0659951635275817,-4.0641279761785265
-1.2744896370971726,-1.1576639838988865
0.8366602260125778,1.428855375570903
-0.08605973382591099,-0.38960011422628194
-0.9129139903045521,0.5942912503686602
-2.052358583746858,-0.6150910574248293
3.426406823931975,-1.8529251023474576
0.7464075775518354,-1.0255419936478258
-1.218196713117188,2.319601206257927
1.7133976191260285,4.0257894719036456
1.395834275455604,0.9903387014940634
2.1596225992590328,-1.010049411117185
1.871992911055132,-3.477807346773901
0.08683269155418567,-1.1795942516544125
2.8835603579592926,3.5690833313882395
-0.5865689001444856,-2.812808146975209
-0.04167709111498219,4.255209704008368
-0.7608200800076848,2.813511477765647
-0.37249532342105524,-0.3357694525358986
-5.070588371360071,-0.3200231943370309
-0.38547001918347434,-0.2204353264546999
4.386267436941137,1.8268563598253942
-1.2772525465511102,3.787359649066085
1.999169004547486,4.084712373120806
-3.4337480886380916,1.2372611217696774
0.7408299421827262,-0.6663107134573043
1.1667654156579983,1.4488411990681007
0.6666872537356499,0.13612740400751572
0.7720145356069519,-0.07979439461103971
0.778439799390611,-0.397403249265678
-1.485856497261058,-1.2264025870448698
0.6758342862687827,-0.08671813552625932
-1.5256855976758292,2.0528980188030648
0.28178547283326355,0.2763501660368554
4.381703148541942,2.0728114886234335
3.2962614429061694,3.3604330913220615
-1.5367130957831545,-0.8193909720001016
0.5267703659845411,4.337292938029324
-0.6154948443652575,4.400973384828151
0.08903004719905827,-1.4839889543421454
-1.911474579006392,1.893175113641172
2.283210615058147,-3.177505634487042
3.658491542186715,0.01472104001443433
-0.7870562161628558,0.7791437045343412
-1.7776521033318897,-2.4584792759780285
-0.2859747730349612,-0.3429842963678991
-3.545141711359241,0.20341704812266254
-0.010291700223890615,0.21992958029074744
-0.047515067052033746,-0.06878895648821198
2.145766042239687,-1.0037247090612353
-3.5772099872297036,-2.9215136440729936
0.7909141600344092,-0.45220542455630813
-1.0541185161283828,-2.715206639212147
-3.5005788887272247,-3.2979037954242907
-2.8164390087165927,-3.4485547581354132
-2.7018148797334542,-2.0613849375832096
-2.023516303224127,-0.5923592294196669
0.01807013706757632,3.0481091498294344
-0.8472889789569343,0.42577394624389403
-3.2366772412699305,-1.015060594208152
4.745513150250834,0.6083429282508865
-4.785793124085126,-0.6448580335973181
-2.211033301908623,0.26058843105730345
1.8509214927586963,-1.312289673667046
-0.04462126585717169,0.09081378250719785
-0.03222128350512021,2.793686099948531
0.8443483786055137,-3.979660540490139
3.2689841010557976,0.623903036420619
-0.16614289415657857,-0.1637306030241521
-3.387277922695279,-0.6114668262017788
1.7339035802034009,0.7518302402479977
4.5096920463103976,1.7661254520416352
-2.514134405171002,3.274113846030244
-3.382810820162953,1.362967141495544
0.7262060494240883,-0.7023412212264958
-3.547537374588114,0.6756398671373219
3.421330196286199,0.7926876284292146
0.5875506029690086,0.05705434535024195
0.4150708233158067,1.4699176310959174
1.513310208443085,0.9328589559813354
-1.1505466665315498,2.435765188647181
2.069289987778208,-3.6305046654107604
-0.8853390648715485,-1.6388163391194
-1.331399126530593,-4.120849834863001
0.07032346848295028,2.6836882998752327
3.0284517027600457,1.6130057624001748
2.255303374687809,-0.7592282077290078
-0.8736609859088502,0.5391561361028937
0.9554722228484922,2.996679039930953
3.014903069429774,3.546943246442538
0.262568520203748,-2.6947120921641132
0.15850066730169537,0.2792537326716287
0.18225009532167663,0.006788391957934535
3.333365343590631,-1.7558753388124382
-0.07871990046192677,0.0711848050552528
0.7804981379680261,-0.6292421556418321
0.5709764535880623,-2.5424753390020127
0.6328827972439738,4.43793341675931
0.593749568674527,-1.232355449838513
2.5076704207999763,2.291521473902918
0.35389911529666784,-1.0399993568904702
0.8808009489426369,-0.7273815083204668
-2.2311632636623564,0.13227944725303073
-4.5665907311068175,-1.5257703270391563
1.0981316920815023,1.0892801991992798
2.075529416940806,-0.15803401769745634
1.0060768260747632,-0.09911956698833413
-1.2693907513191036,-1.1288735571096948
0.2340541050146116,0.3103025016304929
-3.6289963237849547,1.3549267112016576
3.353727420055079,-1.5035381617328034
-2.5649079876455483,2.7770843364298465
2.3824712945912023,-2.908908638791786
-2.3481861860568127,0.3430815641688808
2.0171851291057523,-0.5420577849877134
-0.008353893253173792,0.027906080098801446
3.0627533456093974,1.342243444643743
1.8239472253931526,4.0198450019729846
-3.491351465196124,0.9236351551953386
-3.6175416703983116,0.7300104560795806
-0.391767426143278,2.593953702174628
2.818046484939653,3.766136483826549
1.7339962188115483,2.3350967529555415
-1.7927694250800228,1.7725670968017864
3.716936106646277,-0.29540598124652423
-1.1351023362074002,-1.4289678705678572
1.896664516124965,2.6639558716963347
2.0395029676054097,-0.5687222671743254
-0.6713728819591018,0.20725271949440152
1.685263300748157,1.1219097317111375
1.8127850134640282,-1.8266860737848765
0.5449666034159283,0.2516957373409789
0.35747846764147245,-4.084169053139416
1.9239911543838928,0.7653561461874392
-0.6320382507819533,-0.30825531823728564
0.7307089152387729,-0.5516999400494155
1.2631402233446087,4.260397266808919
1.3277886683505202,-2.354371143887203
0.44313587342274574,2.847790421067041
-2.110579869806128,1.060332938996805
-0.9419828496398532,-4.125608261727235
-2.0225408417838526,-2.3890117643516815
-1.4683737154789145,2.2665574435282103
-1.7725554504290315,1.6705520200739021
-2.071820594445666,-0.1477008775322024
0.15437734928154867,0.270052149783103
0.8205929176267053,4.356142928050661
1.1586811285170486,4.16935883383545
-0.31417353546545346,-0.15617739964843813
-0.05465502752843123,0.055841866721190334
-0.012677395473547914,-0.145020289860469
-0.5145395101825881,-1.5839583642019952
1.3043442017054172,1.111910894351257
0.7625992660399062,-0.4275847746026262
-0.1064710093784961,-0.3258053011657226
2.2924222294510708,-0.6835822510526784
0.6187891666151951,0.04812473607491788
0.5299294736497713,-4.070935368533696
2.588531531655872,-3.1762352062704884
-0.47726931009206175,-1.439429452864925
-1.5757368543317165,-0.8815669342392667
0.5368643179650513,0.12130898917345148
-0.05816030569857139,0.33019420640707875
-0.9063908089171946,4.129065474849197
-1.0334239894439,3.794013745224841
-0.4937147301907192,-2.9262323434440147
0.46791157467701805,1.364799981413626
-2.162990355702604,-0.08818354618771841
3.6233464060714446,0.0859225737828938
3.3007117961851478,-1.162071147729175
-0.5246856096908505,-0.08796003685899818
-3.386942202273145,-0.2926767959576089
-1.9333384338589985,0.9943944084783418
-3.6636604048666728,-2.7620112750091392
0.3160577985224451,0.19874817177434523
0.18839510485443287,0.20034569526711463
-2.2300601089898975,0.8065021001207421
-1.2915107086552868,-1.422431884917244
-3.6730197482159563,0.6021438820111648
-0.4343546224877542,-2.7964125613517896
3.346257398496672,-1.7911476256604189
3.332870902988825,1.154259732798024
0.7429835389003726,2.890615618417397
-3.2365885312522966,-3.1517740874410327
-1.5449057820856928,-2.4667845676308944
0.0546964447604426,1.6281421775961464
0.5147990862996928,1.5058920731734118
-3.350636300407304,-0.7016393107471021
0.7092616111478773,-1.0792312527540606
-1.39353763944689,2.2489013027638345
-0.6688911356618455,-0.2700075974186409
0.41868729609502375,-1.330437950041571
-2.4576503837629,-3.7914064331827517
-1.5822048254990375,-1.3428647560930842
-2.3692148834381674,0.5269808903019656
0.11270450435118622,0.04109516207422205
-4.016794707363147,-2.569914040419418
0.1816387861052486,0.1611300648711156
-2.2231179104194174,-0.44788558803934364
-0.9125224991714229,0.22767950223782413
-3.138804514555295,1.836124359981431
-0.36584162674090775,-1.6707026478196294
-0.6736514315474774,-0.1633814701621736
0.049493814812521436,2.9703897073868957
2.958881445660743,1.7546971640438722
-1.0002323979266152,0.5632839615501365
-1.7189527195540255,-2.403163746489241
1.725157706270287,-1.3474649152782094
3.4990643399851686,-1.2398912649156175
2.2464093748202387,-0.18848352944305663
-2.1415989272151217,3.3545103131196985
-1.7677808812411517,-2.6820867371913093
-0.821879862864562,0.19430132025515523
-0.17414894021020155,-0.3405225194004633
-0.6751361221741271,0.46934065688960064
-0.3986699483523399,-0.11077786506122561
3.441592208542592,-2.1406163081319978
-4.481422242004385,-1.5374265381506549
2.0384373011385595,-1.2532817851319715
1.0231885744756728,2.6643524079362786
-0.14941300906022012,-0.3566176808169433
0.27437323760667703,-2.7901906982043063
-0.2240145438462476,-2.812772133717021
3.4871722795273596,0.19356962415099152
0.7301188022338554,-4.039976874542019
0.2942930999974622,0.3154502736807131
0.990159314083273,-2.539021722443933
-1.8710356364158578,-2.3782639286680087
-2.060578639991648,-0.7059881921690321
-0.7628908456486202,-2.7436070864454893
-0.6093841024901421,0.06939316640403832
0.29794625206178543,0.17256102380279703
-1.7744414165593807,-0.8125080806657001
1.622063263364748,4.098555132432883
-0.6419661000050508,0.3140745748607764
-0.16010426186172014,-0.17371350555677545
-1.2645027564866795,-1.164739121360308
-1.8501574535106424,1.6178659259888915
-3.0809166811565265,2.6244652319400754
-2.0409887282100136,0.027193500323228176
0.06714339541826457,0.1633995908710807
-1.2326062617753561,-1.2456071107783961
3.3712447274224573,1.1734717943648825
3.6359473450508526,-0.8787596650201057
0.15466748474224018,0.03835182113286847
-3.0960525126745204,-1.082458499037382
2.1308492538611525,0.42789173449593243
-2.1836222549505884,0.09838243373590469
2.173958007831941,3.855577774119352
-1.050274507191078,-2.8479072941706494
2.138673488045993,4.057801019880039
-2.473527499652271,-3.8858353003398025
-2.310503070318537,-3.7186955042537915
-2.2153088781835066,3.229320457917867
-0.6455788008734606,-2.959400262482315
-0.27860669754935957,-0.3726058375292697
-0.7852645235611865,0.7741641291627067
-0.6465092392539002,0.5594545305572856
-0.3603225332518532,-0.24992241128895004
-0.6525594187907497,-0.04393214516602127
-1.9251498721615692,-0.8511685712971782
2.2479333957006933,-0.7180938298439533
-3.1610775813160488,2.0413856090185414
-1.9390282161526042,-3.9380511510813956
0.08642832086912458,0.3312806434897406
-3.1060764904328515,-0.85296781519939
4.766945279023374,0.9602225038255643
0.1914058399149264,0.4183989180531844
0.7879577840322437,-2.557347994217989
-0.7638513385360755,0.5593043093221816
0.8489882327539502,1.4355806361919217
-1.9860588488442255,3.391152663507413
3.9581630634386262,2.814692282372418
3.5730894181970276,-0.32980756156718405
-0.029906153104823453,-0.12402307998592502
4.46171356058552,2.2777483429605647
2.2055677874001254,2.1828894961778103
0.9220914788046813,1.202963747284943
-3.096732204317094,-1.1509457795482172
-0.43335721641762237,4.409119883843376
-0.9265550895352309,0.5914391423364115
-0.15964447173444415,0.2221497707351054
1.9185759292911546,0.5764597898130456
-2.5383923035702867,2.902718901711575
-0.6323250189862148,0.17558132697788084
-3.633024384190641,1.5523347877357339
-4.472751390853359,-2.286420681647638
-0.1818289693167491,1.3004767343087669
-0.7639764706569848,0.16825147262661436
0.2987113061572945,-2.7804162880269683
3.4397326087653424,0.9925078343013443
0.8994865761858908,-0.594479074571551
-1.0961481303007965,-2.784683744520099
-0.08780180905442278,-0.300206461125149
0.7117095987856665,-0.5672413634237494
3.3673766944053285,-1.3408180654963442
0.8475766488798776,-0.6486987585644417
-0.7971741478058096,0.6487335696305526
4.86477777384999,1.1631154665111658
-2.146696077402586,1.1669542152504728
-0.04917784050317603,-1.306488916322015
-2.3966190345381584,-2.184970871097262
-1.659407354258,-0.9404408973995851
-1.7531370311565424,3.9527704251900726
-1.307648319202615,-1.322292564313351
1.5545166364636562,-2.2500102674461258
-0.8498794771994419,2.551229480357636
3.561540826185053,0.635914618195377
-0.4900035871999565,-0.1263640497047187
2.067239834786034,-3.457765706048959
0.9224696006202329,0.06546465791945753
-0.8750540178925277,0.3246858549490567
-4.358696017483585,-2.2167688147387548
-0.2239525817336394,1.2958473635376537
-1.8523031144864235,3.560798248963965
-2.099006264002248,0.8398290352531929
-0.7266965158008518,4.210348760333489
4.959724008527344,0.6378461619458629
-0.3061541909786869,-1.4624672970540098
-0.421123440268957,-1.6046134655394007
2.3705438771188216,-0.09670016597571833
1.021137992631208,1.618857667696641
-0.7699262458881769,0.2664776743908171
-0.9152702176548633,-1.5467583496919493
-0.48950336094846647,1.071758869595819
-3.730415440468817,-2.803706241777036
3.7051315141492607,2.8444605113855967
-2.169609238855767,1.4482509493870526
-1.155137782499827,-1.1322862579884563
-1.8296679673811105,-0.9806713960543496
-0.5120801368209997,-0.04003659809394092
1.2411790977148613,2.8485134086754043
2.069444528714697,-3.6630495548909776
0.95218876954287,-0.2115678268833669
-1.7850410833661863,1.5831162898254172
-4.174261960451442,-2.633564058265678
0.4510093138751574,-1.3916915876515925
0.25389621418521524,-1.5837175874270641
-1.8663396889293857,-2.6157741264991743
3.5586993704850993,0.84867574174671
-1.5049826313440073,-2.7136731379044594
-0.6567278898072988,-0.3895811296914419
-2.9551788565671195,-3.640482117619786
-0.5947375045715377,1.0325057757341505
-0.6818408125070579,0.6563479657989906
3.5200835781332,3.2318400567496166
1.900396579031054,2.568665838292609
-2.802205112297694,-1.9253726347590452
0.6972165478223821,-0.10083780036105153
-2.0521533542169283,-2.309585180122941
-0.2951786279046831,-0.36094219097165836
-0.35148595041772923,-2.7523916943216387
-0.24376726373635293,-0.34006304911215035
0.2479424639059077,1.5621495772108485
2.117341755369425,-1.0083981873977406
-0.04776335201737961,-0.01572228893892362
-0.5075657437744261,-4.175881076518015
-2.536195817426566,2.979882710037361
0.9917295014129826,-0.3470010469046823
1.5437187871558178,-1.9275306150999283
-0.2126334933817794,1.4295167176053
-3.5709657350078956,1.3534546722608578
0.3491489065712849,0.4533694521345746
0.7919381273420664,-0.35624887592910787
0.21059425353004269,0.12621138972919244
-0.25192737691974865,-0.04847560511359905
-0.019975737172116537,0.06961765306114459
2.1231399750937667,2.4536603868900766
-0.2067818339090753,-1.5807827390131526
3.688885796681567,-0.7234466661213493
0.7067327009055038,-0.5544298731958058
-4.2636026454702165,-2.0470283166183734
-2.397014133780008,-3.9353191302008996
1.6628007514455865,-1.8642159195233639
-3.334473881053886,-1.3597479727382165
-0.5176216764833429,-2.7810697244593343
2.208045593450154,-0.7614588776224828
-0.36361418641648274,-1.4643715541341624
1.9087034848545696,-1.5729280886940442
-1.4200247814969889,1.8402305819846738
1.7019385319974367,-1.9468263752072668
0.47392340455736903,2.7475578993019014
0.6229865614029363,-0.07557987388351518
2.231076871826494,4.110149730098943
0.5060263263434,-2.62885587548765
1.9916478651272855,0.24121615901301618
3.492122294464717,-1.1384424770238055
0.13178144911192735,0.16461149807003228
1.7182992132903827,4.097882209765467
0.6707712583083629,-0.3536462334497835
-0.32199130049246605,-0.22327461346826716
-0.22369644373158404,2.6547112864154947
-0.07283544654171498,1.4628131893878282
-1.5698376224119743,1.8556306468950885
0.029731366475449952,-0.0021261597473558602
3.3684754998169573,-1.6975841585490838
-4.627640452072731,-1.809235350436155
-1.527790836144916,-1.2045938239619285
-2.8352512563589634,-3.614769229661274
-5.011753494750259,-0.04604470364084716
-1.3770331386680534,-0.9787613952997977
-1.7170019443627682,-4.2720698859865855
-1.1398367390535258,-4.338196866365481
-3.541482983060976,0.5164758722612064
-1.0979544837336623,-2.9279932723997626
3.206420545648183,-2.179863432747581
0.1076520312778667,0.08469906568122718
4.841842063287036,1.211641788755068
0.860307125250714,-2.5454263517888815
0.5564619341559852,-2.839688480910646
-0.6183623706830468,-1.6862425057954928
0.3445089486694621,-1.371264203871475
0.03631765165094482,0.13787930513545732
3.732622563203133,-1.058431498980091
1.8838048024578442,3.902163860322141
0.7819915865959952,-2.5520928702127703
-1.7538834803013066,-3.925480521084779
-2.8157998623215725,-3.7733100458971323
-1.1121203829638087,-2.895295847878099
2.213794192117306,-0.08493250206577103
-0.7651138324917363,0.1293566744569051
-0.657819758196578,-4.348533016127353
-0.3552863908965307,1.2270476141146498
0.9208898490788558,-2.6639714658808624
3.704619872351871,-0.740752680655246
-2.158976247715897,0.5600912960811527
0.7032426890391901,-0.7081223814091205
-2.3746813743472925,3.0837262802971854
0.4136172028942806,-4.329739655378891
-4.40924986559162,-1.8928358606285862
-0.6314528889784705,0.4609245883037031
0.3593097568359263,-2.8906069402747767
-0.04373877030166398,0.22437632930913123
-0.34239441546735017,-4.420131118876422
0.7947628928371606,-0.5897585218313485
-0.7442403319510341,2.5314209273240045
-1.8888021107957134,-0.6749865807212879
2.494314220456741,-3.11796318124145
0.19354031502121927,1.5854258638197067
1.6125527932316706,-3.7540449368694855
2.7499023859778475,1.9845437506263996
0.7853241026245034,1.3421772219499817
-1.516651852152191,4.001899881376555
0.8493851850006675,-0.4798056450466902
4.363428912782467,1.8058332120518708
-0.1566455879277019,-0.13439769639203009
1.5489870571220221,0.7987954900931731
-2.7084661371479335,3.1087346585554916
-3.736277261016361,0.9230828558609746
-2.793276780358974,-1.492286253669847
-3.0688598557321924,2.291855714341515
0.15304696093225134,-2.837634662657124
-4.740071027845963,-1.0508498859763358
-0.8564449954533258,0.0769369765144102
-1.5938427391552854,-1.2035771066002032
0.7526326417367583,-0.9362272165420503
1.2197791755845455,-2.4705540450007963
-1.094922018532531,2.356033030893672
2.764597959842721,-2.7287917337359504
1.4828769029244457,0.8934829065249765
2.813988475941131,1.3742410154736902
-3.441279694547427,0.2123009007412008
2.189452053386851,-0.2198660517644644
0.396294098107418,1.4030460601673411
3.0473780685801657,1.2474843401549895
0.1461822794715403,0.039003559244361316
0.5843914495685748,0.01883618789988148
2.025633945105236,-1.2352320612580123
-0.7114706705781415,-1.6291731710443396
1.7003637121830566,0.6437203625843921
0.6124417894860235,4.297845846002191
-1.6413361119565817,-4.046790981374639
0.1450057917642522,-1.2133776850506457
0.8332641225125293,-0.31526487695771643
-2.2018001756320906,0.6200687530930957
2.230469237185886,-3.5975464323702986
3.6830288550774397,-0.8451580081377026
-1.696358814393234,1.61211021975123
-4.402224487627814,-2.0681546190775424
-1.0571463069026428,-1.4910810058247934
3.290875545839813,0.8782778209624427
3.6074020005166387,-0.0937192731134866
3.6425663812686646,-0.8104613291144055
-3.7041351577933788,1.2744313211591822
1.0152854263957831,1.5744056296387858
-1.744096699374118,-2.6188310431723334
2.5205566524685055,1.7854818323393398
-3.400714775795331,0.9554897610683368
-2.291449292715498,3.0727601275268195
4.046386796548107,2.44836858479748
2.237065248365405,-0.6718651896911485
1.6998680577716758,-1.5593676475902762
0.5156497038105963,1.457535351017332
2.1473758566859686,0.4174670378950474
0.07930206641354182,-0.04139224032098687
1.6643035688482812,-1.8015657030091003
-0.7088364239238352,2.4496193304659157
3.4655930124164254,0.38317515518804546
0.007092552147904836,0.19871454805954808
-1.827496764223909,1.5680563015031994
1.7445082798307416,0.5810817147646349
0.549389652861862,1.4688872870028542
0.07147250019917015,4.147025804596991
-0.8509905579935511,-1.4812773782977047
0.7689875951025116,1.4853761995473156
0.6387943517786849,2.7750538142381274
0.3405706682668272,0.3105333669174096
-3.288608596951519,1.821499769525549
0.5876708556362646,-0.6315540625873278
3.437928035594997,0.2652585246503905
-2.7095611409407065,2.7045668151969178
0.9235766627873949,-0.6025142364135823
-3.3747488543918145,-0.4916274852113345
0.5577290731532922,-1.0560711486901726
-0.9270795042264841,-4.259055789771769
-2.4688796273727345,3.139275751386251
-1.4891760898912738,-0.8585090127447474
0.7866200636378303,-2.589365746864695
0.5416523311833341,-4.2317637801610894
-0.05519846701556595,0.15658263216598417
2.1568529227935613,-0.15483092343354257
-3.0852934216111048,2.3655151757476505
-0.7004011867214163,-1.6437620894337608
1.6699424955956563,2.7913271950906853
-3.4122681779452253,0.4818146354352633
-0.33228699468275474,-0.07941797032133846
-1.6581750357254261,-1.2308416080906046
-5.0512889337642015,-0.1448588850005609
1.4499432873370224,-1.99519748499004
-0.04214196183426075,-4.179746171713906
0.35102887573048297,2.793252990419747
-0.5889906070084596,-4.266221693325334
1.9044613121951297,0.7352158354265445
4.819634574917543,1.4795296970757938
1.8041999346076996,4.243704755011848
-0.312961660533695,-0.28073898835793987
-1.0119721775541382,0.19209588479839718
2.462033758296665,-3.1978169983223648
2.5031112001218627,-3.057190245783577
-2.508934491788402,-3.9379149299673517
-4.126211736258794,-2.1707717467731733
-2.7545525771766934,-3.8752736235960192
1.7841229925929931,0.7937900269014482
2.9446914266226263,1.945833662160276
2.9939803258015254,-2.687262791425488
0.12037173294280479,-0.06535071929149511
0.7997903008722222,2.876467070583643
-3.5820963831371375,0.9945380169176714
-0.7281549135690959,-1.5954478432565904
-0.09130312594993718,-0.05385216138400438
-2.605170636397191,-2.038531119163883
-2.1321442198745495,-2.1783460637695233
2.188371505688185,-1.270854313951855
-0.2516408948616573,-0.07107907686936632
3.27514702112351,-2.2366917805570674
1.024329628778165,4.310948093698807
0.7837113713795762,1.363278181158202
-1.953287373710201,-2.435896183846133
0.645808989471052,-0.11398964397171962
3.190684953039691,0.9249059681855653
0.601701098592097,0.36551610786088584
3.9599956212172813,2.822047783228796
-1.3608849215980958,2.21485272273034
1.7610474852397127,2.3922217065364317
2.3377438444780294,-0.12777388928856934
1.9140606781646896,0.829755909093763
-1.5714129735705826,-1.3248514322522278
0.8091974054297976,-0.43873489851303804
-4.2348805455696015,-2.1790472614526233
-0.5725235911072208,-0.10800529835025602
-3.3627855936319704,-0.9482702686268922
-1.9569327519783641,-0.48848779564699435
-3.1554557620226875,-0.9521451699708601
-1.3629859499280346,2.344347574692794
3.506690808031137,-1.8667817550115204
3.199963596353484,3.1588129589664007
-0.44067580976848636,-1.6694504644802046
-2.359128777064257,-2.335918736238274
0.4993941999843841,-1.160608061652834
-2.4071854602043623,-3.777845920794626
-0.6108518515225161,-0.32518333527022714
-0.1391262797357724,-4.392497437548921
-0.7989700997285415,0.2531153839496978
0.37929225209810347,0.31049014825648774
-2.599314467209037,2.7677635916707404
0.12256825090822962,0.3535854053337115
0.9316525903277646,1.1501758440016936
0.48118688925654574,0.06235940060344275
1.1142985410806037,-3.9277685495729195
2.1100268969115907,2.198615938589421
-0.10989249106072695,-0.05231357244576889
-0.4917013777429373,1.1401150058528575
-2.2864500605199765,3.392591710526414
-1.4286364722757392,-0.9293960343827782
0.5505827506107233,0.2954481484164616
2.0964511150497707,-0.051613352884802594
2.0604941011363986,0.7013871303098947
-3.776141980228311,-2.5808707489841494
-0.36352689109677183,2.8659820419590125
-3.7940111986699767,0.6172437059312085
-0.26096515091900696,-0.3449545512231712
0.8301941224690962,-2.862201717460362
0.9446793252379536,-0.3036847771325776
-4.260495837431897,-1.742602181263971
-0.23506268601295163,-0.08542704485828528
-0.13945411789698733,-0.23764307365687676
-0.8847565704691513,0.7693474686010984
-1.2247769246795204,4.166186393986632
-0.05469525562723063,1.366267170530927
3.573388403838662,0.2210798814697914
-1.7048069323826536,3.725100572042657
-3.2668876654698473,-1.2889290299724954
3.6034191973174554,-0.5255484995484861
0.0046876461117030255,-2.822741043476397
-1.6448067393882257,1.7690336506044122
-0.706161372845225,1.145859887728388
2.013890992707352,0.09866070890128145
1.6435993963318092,-2.166081547399448
0.2600269223924239,1.5923194949756356
2.0530472220764224,-0.8304320832491956
-0.9628891165150453,4.307502138580847
1.7051737136988188,4.18223882418274
1.5707377015204869,2.662111298677669
1.2856292409808991,1.3615700928541992
3.422203420772829,-0.6890497127471173
0.46009667118772335,1.306234340453691
0.2203826462025344,0.05845401053601573
2.0633531715401072,0.24803262696376266
-4.15906060894624,-2.3196386622282468
-0.14917999189776132,0.2008624981500937
0.18066820127579095,-1.3269863692259025
-4.51211547440342,-1.2944512002471427
0.9577642643062501,-0.25371979513340104
-2.372683095510016,3.050320264839432
-0.11682192758526297,0.2152652212974756
-0.5810243720133706,1.0498938841630392
2.031963552981095,0.35161413800316577
-0.4475762197449584,-0.44464761356024474
-1.4875180351649293,3.818125757773915
-2.9180216304472415,2.504521533027443
0.4222335722800772,-4.393866460296582
-0.5741972561379315,-0.3809974003516816
-2.9944799560747333,2.3686086824763493
2.0276068025490184,0.12811134604149546
0.055785500327763235,-0.00299522663023594
-0.6863684646121649,0.6319083412385272
1.5689261705064217,1.0233112818185275
-0.2655543371932835,4.388993041031886
1.1562147311191784,1.3974168740588522
0.32108420603929944,0.35483173762204523
2.628269332458116,3.723506458707487
2.3493605268541566,-3.411083019756869
-0.26347784082146053,2.6315881959484955
0.45737907304488556,0.13030605522582978
-0.7155449093751182,-0.21627150541186713
-2.7877261497615806,-1.6772717088204596
-0.14295745682068645,-1.4337849123536328
1.6934809789070044,0.7134354029546459
-0.9815301940079062,0.5722930048385537
0.6211081099823628,1.5797561703238343
4.773206155806789,0.3331583584763973
-1.7329722539699546,1.843782399335013
1.5765445766967514,1.2238718854096529
-2.2486233902858808,0.3371342948863987
-2.128094467381098,0.7018699257943051
2.316207762936781,-3.3475691445201896
-1.6740635986466685,1.8708522438819766
0.03928337078255345,-0.24012853643816412
-0.3859405838971378,-2.806005847958602
0.041060213675684146,-4.492156508250191
0.734760007063248,-0.37855189090373975
0.3349825252188595,-1.2418985982339659
0.1491106916584502,4.315691609067406
2.149959338365765,-0.38718558184545254
1.6275801381673558,0.8591282431880232
-0.5932188539800902,2.8523269378517506
0.6413928031111573,2.966985651946053
0.1274323551673613,-0.08443725909854291
-0.2974241204996291,1.2849671630372546
-1.7818752415214705,-4.265278646668914
-3.4983877692963956,1.5528530406992034
3.746376340653997,2.435099106055589
0.05236096224828818,2.954065124207027
-0.2752296769619462,1.2873097871311248
1.9870696734148625,0.4743502712598689
-1.593314401970878,-3.992652904955172
1.3250508009451163,4.221694544561784
0.12039805458392355,-0.01811960871507054
0.0807001802452249,0.10753064063377053
-0.22056268368976994,-0.33973589268096815
-0.8543813271128575,-4.153148739943849
-0.4142141479469551,2.640772672519567
0.1907429647557742,0.06603025162301103
3.388664624110265,1.1496002961726897
2.2244666608447146,-0.027476643952641294
-1.5304068171252698,-2.727014586557675
2.992580194419225,3.2209776301034116
0.8269747409247411,-0.9160076803621271
-0.08489752280715049,-0.1423136919753396
0.7917542928416568,4.220875646615394
2.5728817814788227,2.2376086488771074
0.20254582872418395,1.5607712892639523
-1.2520145489362033,-1.4698965417561214
3.541968212107478,-0.32129926443776896
-0.2167042317956005,-0.44524026522351257
-2.0634089318186843,-0.20483633779374844
-3.5036416599341136,0.7242293359467448
3.3401037535796365,1.2392714805879088
-2.2420727671763396,-2.3334049246017705
-1.591194693851086,1.915603445246702
1.8901730615025718,-1.1990007293898644
0.4450871696746583,0.3254687365792764
2.3053757239304584,-3.446640847379796
0.5103436314782743,0.1093620076938765
-1.903797747968813,-0.5620704057799069
-0.5117091169898504,0.982324045158723
1.6040454832356392,-1.9396093667836523
0.7803670070001744,0.1571862084702937
-1.9840462987174174,0.6374718754446513
3.4513028653674698,-1.0438832389440904
1.425492446811753,-3.7366984096893514
-0.9804631123102736,0.6224661617324057
0.03370071632352786,-1.461863421143246
0.8913079011760316,-0.3804502420589455
1.2758320999728145,-2.3369243977188057
-1.1528656238698824,-1.1908305772141787
-0.6154247675448689,-0.04773291234402516
3.4090262791584163,-1.269547811132809
0.2964658002343903,1.3147436716554044
1.654779810040769,2.5774493118311472
-0.3847466860935317,-0.39448422011706785
0.2522592683681139,-2.7646667642699674
2.683600974208006,3.822844677908506
-1.8257864459636473,-0.5379055837545716
0.5545245959089982,-1.0958524823847366
-0.7941686726048938,0.49540827876566385
2.3353279254298758,2.2350401998792924
-3.1693965635575103,-3.4221727078598065
-0.46465205370546203,-0.30073291917589556
0.13940777649286212,0.29829015425894767
-0.7832195583498603,0.658580138465551
0.19566867915627467,4.108137056234396
0.7607178765848319,4.366957800357616
-2.314404345377546,3.0449215103775416
0.8051272087688354,-1.1326048123230572
3.7065245812625465,-0.250409330588321
-1.3277330895581758,4.0289938594941646
0.9720800461229592,-3.8744317089874456
-3.532009445618635,-0.13158161290557044
-1.7874955364848006,-2.395721422548608
-3.4946079447902467,-0.22195191625544664
2.6875010319016215,3.660102041315365
1.9982279737927624,-0.3927611072735651
-0.6836743248943559,-0.05879538134764775
0.8159609922361999,1.199976821294229
-2.3047241501438522,0.7883627929847346
1.2246083876399232,1.3009087800397137
0.05476331557720346,-0.16570903483259553
-0.5554260681141819,-0.012628935952698442
-2.928195386895887,2.2485814195604648
3.071139005620094,-2.520246128167428
2.618175366821416,3.8439762545832132
1.9496703698093965,-1.5514325012731538
0.1370260468760684,-2.680186613831669
-2.8893092395679183,-1.836379352443527
0.9121732360481685,-2.609910648026456
3.566665385426703,-0.9382049660426924
1.0360950849023298,-2.415830572183552
0.09337429120221095,-1.398573634599293
-0.14676078629185443,0.22810472466271303
-4.86474689075829,-1.2987283912394545
-0.8513764469879329,0.795431961844846
-0.5895139169103741,-0.4125730923002756
3.0100968077209544,-2.543520707464217
0.9721888479894518,-3.8975753988071533
1.7444300417367824,-1.6697650614597648
5.044730483212603,0.49197129031825154
3.433478355274107,-0.4047390466927919
2.0868374947243136,2.3625827965333985
-0.09577639067458736,-1.4082922638835762
0.7145288721923341,-0.17234926938148978
0.06066634352201027,0.15060060906990524
1.4585180333672203,1.2513255768561382
0.695706264385669,1.3118223119896517
0.07466657438042607,-0.016433712271996442
0.8207288415440468,0.12378425798219701
0.15446705886166096,0.2251899399783115
0.3791715595778978,-0.9878992346916736
-0.15742747379336497,-4.395582788436111
0.7651507190994876,-0.09110363149199248
0.9071205509561788,-0.7539412909673424
1.8028167498448202,-3.808698424756203
1.520776538244588,1.2605616846454435
2.296965951565876,4.029551864069579
2.026350548701663,-1.6014865988045275
-3.2574319989353433,-3.180479347118964
2.617545974539952,2.0138887613200134
2.9242168385949547,1.3081109623006444
-0.22698520002880487,-0.1990528131191599
-2.196273905740604,0.8580265821577491
1.6250569310273113,-2.007610544710338
0.8675830222209994,-2.735273467404588
3.650966875605245,-0.18766385754146286
1.6217743737852743,2.5736942975562687
1.820920685729837,0.7741929629393802
3.6555479130400537,-0.46795577554352713
4.569578021285562,1.4847002788489576
0.6015676403481331,-0.8067924370093098
-0.5845452943355011,1.1200951217293043
0.24721779803819338,2.738521940257424
1.7973792035231262,-1.776799448063341
1.522022541412182,-3.889032340305452
-0.01868938155938471,-0.05776645396834271
-0.8016574904088445,4.231301424726741
-0.08465858169236722,-0.3827338997278654
0.3548531281645161,0.37574278570900044
0.8273507552822239,-0.23725475376779814
0.13665557996639788,-4.175739213173079
0.049926410638506113,2.9372592290878523
-0.14804996893768668,-2.9780491138960934
-2.88622509256655,2.517139662839054
3.525477677109111,0.6792825625764615
0.49919148177589334,1.323900528254584
-0.6422334310346373,0.3377090081941048
-0.7852563917440952,0.1807936590661969
-0.3102165206300551,1.3671169046829874
-1.1469981854395392,-1.5015347890427417
0.08606176445812849,0.07121160149392486
-1.2673262600781743,2.2001217356736666
3.5454763307247017,-1.252992862271903
-2.043686110554006,0.15948862641169143
1.9838422399959177,0.34893189814069064
-0.07225592320752908,-0.0051835481731028615
4.405718443884293,1.7534591096635923
1.7509067475455644,-3.5563659433790074
-1.6696665629504504,-0.6774583918856251
-3.530066320797394,-0.5303193253310816
-2.577349580153954,3.2536747651992526
-0.0708431526316641,-1.6801671034626555
0.7351619197158714,-0.392838384076503
-1.1405634479855347,-1.2422589372268824
4.8466382328098225,1.1214823633987214
0.3742725074861128,1.3869394975359033
3.0919153528226175,3.5503875529970768
-1.8902967809725428,-0.433445198298222
2.1551777144423703,-0.9295504237900853
-1.40764681576114,-0.9819684490369274
1.723984551473586,2.7755948172912497
2.0045039538941607,-1.7001027747131565
0.4293569589005567,-1.2620228141374654
-0.06519176046041061,4.396949293052515
-2.8129097160744574,-1.570160250859367
0.4372994073415527,-2.700388018036018
-0.926685909980797,-4.177826085618494
4.811255236884989,1.36855629463713
-2.0476962506416654,1.7597491858809464
-0.9434133137434492,2.588644064320408
1.6521181850623303,0.9224239651578359
-0.5811877249472702,-0.03646844721565161
0.614020194439909,0.14937024366682938
-1.1923440669749623,-1.0742229009416124
-0.29607845384748643,-0.2901697051923178
-0.2864705179368243,-3.0634909507060932
-0.4905788576729664,-0.15273163706590606
0.7471427710397881,0.14762221254435545
-1.1471257859504294,-2.7003414248471205
2.197125774207093,-0.03829530850429215
-2.5372675504419346,-1.7504036447737643
-2.3614853317369917,0.44456932583254627
1.102629532029575,-2.4910977928142843
0.40632517990720257,0.303417187537018
3.5687448108732864,0.5967446410464267
3.034236226313412,-2.018140101900964
4.135574307967011,2.390145478400498
0.4216677059981316,-1.243722646294532
1.4549542357727479,2.789445151090537
0.4408948557491532,2.7325661875684246
0.25634235971290176,-4.427999584880535
-2.2582908729205267,-0.23324818165501193
0.9958452912300109,-0.4485732375956968
2.5237806552896616,2.259676120455652
-0.5839047663986136,0.9386452686207765
0.7063492543032525,1.5493397155259485
0.15284021536996656,-0.05447611104081899
3.5528569435007324,3.104609174801218
-1.5018123688782847,-2.6437054081791014
-4.883772929410879,-1.3341714246217447
3.80768282263169,2.7349477080134577
1.8264358021666618,-3.4740499596416
0.6314296902338453,-0.8940650313847417
1.8994163413928875,0.5413658349266852
2.2644328945868697,-0.7854904687932125
-0.9794159260334999,2.555802694295683
0.04086000497963235,1.3924507286119756
-0.0840261963406765,-0.24678160736230578
0.7225369129392066,2.922911350781723
-2.5056767781914133,-2.416736450528821
0.11417182721852086,-0.17166235953206796
4.98726847641532,-0.07122256326752922
2.4806492377877345,-2.982046596962416
-0.5355499356028246,1.1734899251613637
-2.6153938668016825,2.6753958226776717
3.220435850372912,3.6731431477842262
-4.721475452281607,-0.47755887194599955
-0.4651149208825989,1.0011280401696916
-3.470758331387177,-0.9989892039687213
0.20905467550923795,0.12328073696132907
1.3091517061817564,-4.115454789620368
-2.4739407335081296,-2.0314976008445518
1.1840694080159322,1.2023370448724884
0.9394158428137664,1.3882247886847323
-0.799284057040734,-0.025454654349979917
0.7816995178134787,1.4905657371877348
2.4853494026657597,2.3209506164155704
2.0380394634128023,-1.1684779358093798
-2.0219716860823316,1.3221839615283335
0.30654953732667733,1.461180573645249
-3.704198688835078,-0.25066772778897384
0.42505849657182965,0.13788196173645914
-0.1658725842868934,1.2794183409877495
-1.788160502958097,1.8816348668778877
2.7785859893227305,-2.5617807811369366
0.6912217540320604,-0.6820092654368642
-0.35483388838499463,1.2919288667470532
3.1498088775983915,1.2397460869200274
-3.5316557776955535,1.3710123859728143
-0.11340673080740737,4.226302162577027
-2.277693040722979,0.34652256408027426
-1.9914265317743776,-0.09317603267696217
-0.989032090942186,-1.5341421853910142
3.5583608667933557,-0.7851709214512467
0.07268980864112579,0.07844303575186928
1.8484227993670168,-1.4387449822077767
1.1804953080579739,-3.978769462961034
3.7009757343827037,0.30801267973317864
-0.08581202900713675,-0.03454070394173002
-1.9046847666630964,-0.30684821649316546
0.10369943798201746,2.7947505064700464
2.862923722120534,1.6088111025616987
-0.19991456637810773,-0.299686114397091
2.3355567251625167,-0.7655793865405189
-0.008854097902656526,-0.08200478432459096
0.928957212080826,-2.539878538983235
2.4843298698325493,3.993143166000783
2.3814778016485825,2.1311701906238296
1.5567008046839717,-2.329778011879116
1.4089696483971883,4.06129635868158
-3.925642808472837,-2.4505543048107397
-0.4196835362920024,1.0604624516328438
-1.9990964182779518,0.8470549460468011
3.3333040737881907,1.0725742952391546
0.5516382978817165,1.4279837639849642
-0.5686889770681353,-0.2732509856287121
-0.6599994928022271,0.935923830060564
2.0648386002988053,-0.8510130309411186
2.534174630874782,2.0286960946614148
-3.540697305509995,0.6841982809526386
1.3114892353721892,-2.306562418412533
-0.10568968347789623,-3.042138667605821
-3.70367181391883,0.10576947272314707
-0.4430752082135433,-0.3309517819993695
4.438813266044484,1.656799039925773
-2.274708740241122,-2.132973079439826
-1.0106124620908918,0.46655329898617154
4.54659605710858,1.8044183097932425
0.6038317101115376,1.3121363160834882
1.1534944996662218,2.8923688321046654
0.12896232880892433,0.07113307511576132
0.4864194864613622,1.4024731430003488
5.160004154066793,0.01201157690210558
0.8450112995113105,-0.019355639440782085
-1.5581388151998332,2.049132702799889
1.4537660159906867,4.363930067382746
-1.7770520319106844,3.639952267772276
0.17468025034653134,0.4060554765342974
0.6103331859861854,0.10183987795789451
-2.118721790187418,0.6286019692546452
2.0908526792273694,2.522566186605269
-0.5665194954923961,3.9955342234280784
2.356373439483862,3.6948190083751014
1.5177180067399094,2.5770066597817802
-0.07950262827620133,-0.17554338354258558
-1.932715571179831,0.9295089544252858
1.2619020354877921,-3.8756224234656
0.2909549824808607,1.290951005878536
0.178659003084264,4.235473898948137
-0.42189819015940844,-0.1982529589397638
-2.1694517543126257,1.4097538166569183
-3.19148698362311,-3.2842862370236148
0.3808875952820405,0.24170936968370016
2.9531846298325815,3.549344674901114
-0.6033150009525412,0.86466110265608
2.1432396707039336,-0.5685918025832469
0.7710150776887439,1.3583657866750671
3.7070803691705705,-0.28865824171746884
0.7043750176207039,-0.5156334372447066
-0.14370178128053912,1.1895442747191165
4.483339979606677,1.4331835498817092
0.7012048627831823,-1.1238378653319145
0.40929093722508275,0.26976879582728713
-1.2885487950929624,-1.1884055743839086
-3.4830427561575155,1.1019504628583134
0.33162922742531925,1.59046387245928
0.12375970055195379,-2.7977409059715765
1.1920056969194937,1.3000010320714837
0.6104055609603831,0.17871799433608496
-0.47534848205434677,-0.36455481040733156
-0.8208439129496585,2.463437263856084
-2.2784965876752437,0.01158093271604968
-1.3994054334764139,-4.354953255457775
-0.816659712454756,1.0691556195060015
0.022944138875976697,-2.867737199832289
-0.256849955932162,-2.911489060662693
0.45739712958569734,-1.1955671318504713
0.4117963174356697,1.5415092448833274
-4.799951827971272,-1.230106652528515
-1.0069415298084128,0.35395391848193686
-2.226491989099292,0.19796378794446085
-0.26188123141801334,-4.459083228984964
-2.6051410808517366,-3.5824816281972613
-1.003530060375698,-4.462563875215759
0.34538209911816375,-1.482605850307489
-5.178763002418451,-0.3362234474098714
-0.6212984736209756,2.517306054826903
2.1043895357252587,2.279701974761262
2.36288762912461,-3.2408116683967427
2.79206497801193,2.0630182964065344
-3.653946771819099,-2.9447696168787263
0.012048118690996708,1.2749966749932682
0.6162704842975466,0.2411865137458115
0.2963307172330355,0.16830821210152241
-0.14523477248256692,-0.37428183403671933
-1.9916120237692567,0.21830051287889154
-2.2608024307521797,1.195764101849894
-0.17456450821508385,-2.8544715632759954
-4.879784585293665,-1.06764592487225
-0.761452485149769,-0.25645913935833764
-2.1100575811434394,-0.16812428264013698
-2.130565501678596,-3.86497529621555
-2.335444848438591,-3.772485043291989
-1.01245704340698,-1.2188135190376301
-0.8411296434517187,0.3438772130209172
-0.6480602034527048,0.13140303172208886
1.8798268457705571,-1.088096461818546
0.0004527093302754484,-4.145777066075306
-2.515114425929752,-2.0396994710368355
1.3087215018268943,4.166907311217749
2.3447820264655608,-0.39515780638613496
1.3995149391183568,2.770667523270045
-0.320291985823444,2.741189763161952
0.9783164971349874,-2.358025092285904
-4.822475732795352,-0.5235335550848979
-0.6682791186947143,-0.18792833924674496
-3.6108229658886613,-0.6874331797921238
1.45028534660185,4.0768715508771045
0.35644924895764096,0.14967402898297275
-1.8637829207633605,-2.737388631388969
-1.671514964000269,-2.4940680572479774
4.648730945037944,1.6559088086184546
-0.6623006869763782,1.1230898850278725
1.643593058854811,-3.6235159504479406
3.3831787464317795,0.4791158381620905
-0.37564896353797017,1.007207992090954
-0.5436973143022521,2.931068867111341
4.854405214839426,0.9543982439028018
-0.41360863448114565,-0.0031427601481992806
0.2328228582756645,0.36107621130692513
-0.7506346821926886,0.43540871939130615
0.24736168959850713,1.5546432052539514
0.8496946913422412,-0.1445980164345064
-0.6594175446292667,4.025588912117128
0.40543898594685146,2.860943107251843
-3.4185752799971594,-2.949509157424989
1.2453561153067325,1.2872364465357706
-0.27511979925500085,-0.05806534747927278
-0.46364697429510365,1.1618080413681977
-3.310546753681382,1.9536461916061383
-3.1905366384276497,-0.9594826813762013
0.4413443794317421,-0.905467439557947
0.31720507711141943,0.3905870675719798
0.25342556762010726,-1.363478451551011
-3.0827212524877248,-1.4787731285702446
-2.176106598947696,-2.107733564453395
-3.190340231581224,-1.5127480271744609
0.12404503508117412,0.4170630361964155
1.5486248008475763,1.0616959490577753
-0.5896930780749985,-1.652425424280616
-0.21892819802552704,-4.1582870227831386
-0.9956976961421994,0.3670487634743985
-1.72339414229734,1.6943958941229957
0.3577949935917648,-1.1710687665371682
0.5670742256878939,-2.5169872658677623
0.5223260649607022,0.08513651903069137
-1.5880629058223192,-4.159944045225956
2.1183906462082813,-0.44115833497005624
1.5082745841791232,-3.766518986837496
-0.020086040100461444,0.2471323786784223
-4.756316166240615,-0.9984812225269651
1.509200860272948,-1.75573709822181
0.4434599476957978,0.2725247948794008
1.7191036286444108,2.4215901145166483
-3.4547068872834936,-3.0712035164877527
0.27075676834778856,0.2665307445433123
-1.4026158753792943,-4.097370702058189
2.716215595786408,-2.7823672289170167
4.9572002502672285,0.2041116926495669
-3.3962867903660348,0.8501653245172408
1.69542472956505,0.9537370486429466
0.7697770923470473,-2.5416107796721876
0.19853149167512646,0.18923092839294808
0.5595173011134746,-1.0988700376779885
-0.08906040365770355,-1.5679505708636896
-2.131399542679876,3.507858816746514
-0.7642606030251942,0.5640655978085769
-1.0693033568151487,2.479585476518861
0.8845398574750034,-4.220380487037534
0.5273167497407162,0.21219445848833915
0.595374590727122,-2.5657691129882236
-0.6667299032050893,0.2822147485578247
-1.065605720401654,2.4655789700170625
3.1679338478565624,3.6363518009615112
0.5075410051138746,0.0830899635101851
1.0155438897115214,4.10222893441685
3.0586542077995915,3.5462336404324293
-0.7092014767381442,0.3661754240880434
0.12184879346687925,0.1553984075919066
0.6262931267184662,-1.1341040719196804
4.4009808959128485,1.6509172498313869
1.401838406687057,-2.426472587239741
-2.5491189637117415,-2.0119625803318546
3.050367179775836,1.3766230665766108
-1.1388496413710396,3.869674195799803
-2.831735374452097,2.8437300853036023
-4.973364833803948,-0.5027980511406641
0.9101208049672279,-0.08547798012851367
-0.19198176711731835,-1.3600135722851117
2.4430484212221586,-3.1040751494382697
0.41548625197931566,4.376460348428173
-2.131072452918709,0.7269232696249467
-0.7017952951923385,0.9111103180858244
-2.911847614147305,2.634255603036933
0.5884657916914294,-0.7973725773976394
-3.6646223165511445,-0.2845136597654258
1.779943137980888,-1.473344114800519
-1.2965782861478483,2.1456849057343645
-3.52266541264303,1.5113271244529407
0.4544131406769166,-4.161693517888671
3.536793524154982,-1.24633847684725
0.6342810051673861,0.26813742755712866
0.41606033897817984,-0.9321067060769539
-0.7756480044401453,0.040029456821747966
0.5880812286640715,-1.0046647478663118
-0.19505001168736533,0.06978623777172703
-3.521842622654454,1.9379619909177803
-3.2137101290851766,-1.158370719776031
0.8323536062317825,1.353312968953024
0.643925340695891,-0.5959523151456163
1.1503852080622519,2.6308347859056007
-1.953290450773062,-2.442261312891324
0.45957016393712063,1.448656450876439
3.184566756168674,1.0142859041962393
0.570607442668992,-0.15324040406393638
-0.6141924359814416,-1.5060313048968796
-3.5982059356577842,-0.23846892363709105
0.17006768919185714,-2.706964385284319
0.04634240591167138,-0.10490518339529674
-2.0959576204918333,0.8177491879163962
-0.041638801887244906,3.051666197314805
-1.4097586260548327,-0.9471556726571275
0.29243244692599857,1.3309511548048922
-3.5207990399363203,-0.6751874424648766
1.962507739663698,0.015117170746289661
3.908253164371508,2.8329045148930576
-2.1026824712301293,1.190540049525163
3.6990965860162177,3.1867039045094727
1.9442250461985457,0.7132436475570538
1.687313987081615,0.8927943083468514
0.11908080414907263,1.3835875790055028
3.005794095656231,-2.2093791774359217
-1.1594603125390346,2.407958828976329
-1.0023887643940679,-1.5979412992597797
0.6728299422267447,-0.4496849965172739
1.3785477400115798,1.0654021219352618
2.243095757368805,0.19877123737293417
-1.433904654777018,-4.331008166341297
-0.19887167855490206,-0.11838278444845834
-0.5647830266141518,0.7288354830089038
-3.6609748321301723,0.8153914111021309
-0.8028481651575251,2.4398829346172426
-3.285771958172433,2.131028152717838
-3.187382746982032,-3.261545041588466
2.088210367831935,-0.5503769476200482
1.9777509604498997,2.597197459658833
-0.2218232799214513,1.204939412403055
-0.8641413790580786,-0.013822459885324202
-0.2519238476970859,1.3271523292824574
-2.850338936968515,2.7785670623773875
0.12614985319245392,-0.1143886467321207
1.6937916008091582,-1.9470800899576353
-0.1270025263020599,2.6474446016191093
4.752102260188056,0.7763177400008533
-0.6532673636062517,0.41762157106708386
2.080174426726347,-0.39835672080878
-1.0857561003758889,-1.2203565546225712
4.835729099118684,1.1862091552854233
-0.810639329738486,-1.3258617848278436
-0.5842224568453362,-0.3490872748885004
0.8219104720126269,-0.23681585376092298
0.722050478047148,-0.9533155084575649
0.36240333851580725,0.19293966887095043
-0.1399641005110612,0.30345437841519574
4.973373682912246,0.2576773988512451
0.4412797479741756,-1.4818284176279253
0.3705535166034415,0.3862621012692298
-0.6040042467409394,1.0814747633384787
3.486702453347273,-0.9112216486978736
0.44120115138069693,-2.9443532633364953
0.46720789761974835,0.10989615042822748
0.45462525028055034,0.21483453491996074
-0.014228467216062995,1.3127297162818024
-3.448510456971627,-0.03276051738998487
-2.8210382706895176,-3.6726001841150016
0.7208257913268964,4.1558061694821475
0.19961570208298288,-2.8433987855688163
-0.6199257788019004,1.0023567146429355
0.5043650005929082,0.24156844015629544
-1.9697408018828042,1.3497646468316273
-1.2067210597865152,-1.5418067168033214
-2.3360163987052616,-2.3269053659213688
-1.1593019986021127,3.8726960676284516
-0.3004129698481191,3.0033405880513766
3.5147458559553737,-1.2232381526679519
1.5628227178605794,-2.070794723463146
0.5119846081329201,-0.9739681675025788
2.9013014711459753,-2.8257496289944894
-0.18760050549251314,4.219776049452592
-5.1197087383161355,-0.1784115624395436
2.1079980467718595,-0.47123216987271205
1.7604019347834179,-3.482877323028577
2.2475465392619416,-3.2265136302702335
3.5059822895473034,0.7628524391192705
0.31352969833234934,0.3886886537215636
1.24706646160353,-2.3636086518184993
0.7022046652773211,-0.971166031212612
1.5539308547873698,-3.7704442298004315
4.5822364086885266,1.7570971782766904
0.1640059056698191,0.09626912151562822
2.383660047940326,-3.5176436853888786
3.0580680652350805,-2.3486030788368923
3.47424546433854,-1.5561574365052195
-0.581238516844448,-0.315884080139555
-3.9949223504448237,-2.914301900544511
1.8154267967472304,1.049276747405364
-0.3390979442639701,-1.598347157914491
1.530040419153623,1.2156555248168626
-1.7109884459027966,1.9687866494415063
0.9648710766259826,1.2181479124284893
-0.2988077651144333,-0.29390162297409683
0.3102985785242491,3.000530008987754
0.3959219383421401,4.2864949076268655
2.053754437676369,0.14382840157849958
-3.9175865059187887,-2.7208466717686903
1.0715684528047065,1.586738714181742
0.35955427192565853,0.24485127904152054
1.2492373927428078,-2.293874751855687
3.2731645624020866,0.6367381317379669
-0.5692679725145459,2.7362739471535615
2.9455623837077405,1.840403201849898
0.46144356631555156,-2.862596936972781
-0.8268068196464397,0.09460167891432
-0.36389619955079133,2.6885702260349706
3.407015257777296,-2.0545986034132846
0.7634872352625116,-0.4516135298775712
1.8923287217760794,-3.5612611348197225
-0.15632626038372552,0.0962215565246226
0.8680284251622501,2.761173773460047
-0.9169202888429232,-1.5505832445699108
-0.5777620087791973,-4.205100711877327
1.3386268855185206,-4.0856574159558185
-1.2210599949652245,-2.721225412851638
-1.355422789418311,3.837379618986542
0.752518643605549,-4.116586276503725
-0.4563815646607651,1.2013423588923535
2.382465949376551,1.8744307809215763
0.016770491656675324,2.724215966388101
-4.877016123971753,-0.8490533075944295
-3.3802962991875676,-0.8080334961609535
0.2653273229385744,1.3704355856917352
0.019294225721862755,0.24547716314932583
1.3159566030973309,2.87640253480994
-2.1746929106995854,-0.1438856708532446
-0.3283506495976816,1.182932352689565
-2.9161172626279317,-3.5377571420013707
0.8758481244122253,2.7787480083985794
-0.5713571942685784,-2.9972409727757
0.9085658592444759,4.129634930854306
-0.015873055567967538,4.482653162111438
-2.013040296626561,3.529303039193551
2.1427498038457666,0.5692301738535321
0.6428507144298927,-0.38560516506354453
-2.521834780497574,-2.0607685781284055
-1.441532430245549,-4.082380944991667
-1.2253901349499947,-2.718959579231597
-1.428825221551973,-1.168602373477893
0.39191588192079846,0.1353441438529006
-0.6133044057457042,0.29640164590157203
-2.4265507384464153,2.9398918175737996
-0.9078590903450297,0.3188162843826549
-0.9147001928412618,-2.854393753094777
-3.5426690962260987,-3.078506988914615
4.029694337093228,2.5748548583903803
1.864365702082322,-1.5209685399266382
-0.5801181835905331,-1.6628103386542223
0.9253607981798692,1.5420835532055164
0.8661684369187962,-0.11049496170966375
1.861771268812974,2.4255642492699447
-4.877844487215296,0.07937587795273235
-2.676751104644377,-1.8430577337845446
2.082002823797526,2.2771602805964415
-3.0020804282902183,2.5304659666562808
-0.026660014555854865,4.17083631565965
0.3027869662039133,-1.0714702536713772
-0.26892255344373045,-3.0824611940932254
0.6628145180834281,-0.5827961587349033
1.474401059678792,-2.0591488945424357
0.972629190420583,-0.20435413118085377
-0.09868563876819142,1.5118130647311345
-1.297928647308437,2.584706488814941
-1.0514348956258561,-2.8963582239600085
1.9297879272567062,0.5275143699613507
3.3951966586662072,0.3556677463031234
2.69011236382876,-2.9569633621882114
-1.2471189037078017,2.1270108407810824
-2.212047873779208,0.15685319008630508
1.387043051206495,2.651781775777035
-2.2031650142295884,-0.4686391395060967
2.7626850074542553,3.4899705015905975
-2.4768318934418763,2.9131802733752705
2.8462432592919313,3.5491241069752126
-1.2543772129736113,-1.3040225529544327
-1.896700599456258,-0.5799554959465898
-1.9597173540610233,0.8340445261141177
0.7991889774757018,-0.3634224327143796
3.564340557570644,0.1262774381262652
-0.5534012550265925,1.208979450295848
-2.1612671353838344,1.4802903490078765
-4.4682592657761795,-1.9391045431990976
-1.5543679720040633,-2.6388602139766095
-0.632232050998711,0.9370908602947788
-1.716736005004377,1.795670931145395
1.9686380409752637,-1.0158825828852223
-0.2362669108764554,-0.38178051590324125
-0.6529239588410065,1.103436199575551
-0.46387594168199764,4.065957311819258
3.4876705680236904,-0.03663326538911252
3.2878259550080515,1.0514553188684184
3.774191346666498,3.0065529487652243
-1.7690967795777635,-0.6608521894960044
-1.4074621161450263,2.1119605490154365
-3.2960211385450804,-0.8354850400199184
2.1077633417359016,0.36148141501263553
-0.08767058124535827,1.3373461914676898
-0.294631540778316,-1.4279961899052247
-2.3359997579483247,0.686961450423816
-0.06553274209576287,3.0436397181052244
-1.1887865497777153,2.311016575536855
3.140368822519002,-2.3895650725733395
-0.16537751750883023,-2.8164163987450554
-0.32796598132892885,2.667845510642259
2.8991038520714754,-2.8094063039024233
0.5639603917880753,-0.8965382495067569
1.2702900578723777,-2.1158986268151114
-3.7598455883005597,-2.773070983731103
-3.689897552567514,-3.0007260644523144
-1.800547075507327,-0.801840277813907
-0.17752976021836603,2.990395184241632
-1.7681978234715812,-0.920566200225344
-0.2536754252520841,-0.14305529070462558
1.1257355516735672,2.8158914274918523
0.7618575667078962,2.88055345271918
-2.006267236879975,1.183532767662445
4.10063659816316,2.079400653074213
0.6457743132971755,-1.0991554388827185
-2.7640228278515133,3.1307773123955616
3.2823230822488156,-1.5532969340457499
0.5143682298633522,3.068437877848637
2.3832284147499365,-2.9087570839323296
3.4193275633589963,-0.28632818490252704
-0.5140408897900043,-4.353794026146655
-3.4277202119494654,0.7750074396523119
-0.23148322827747744,-0.27971781564489867
-1.4915046191224368,3.833260068761247
-1.993914032538741,-0.4137838832759063
0.3075777839300112,-4.243670734611176
1.4389222439879434,1.181005442028684
-0.1935375402067119,-0.2722082344542616
-1.1646583038474372,4.237584456405272
-0.606271037725449,1.035180407386305
1.0676045991938188,2.803185019220603
1.1697937141565555,2.915261059525533
2.081821599160974,-1.3032678751478797
1.3655388141962415,4.362521922862211
1.6494622871779283,1.014667275165785
-0.6291469471967457,0.6563950963526589
-3.9680132621644506,-2.9415787468228327
0.41229610500335157,-1.1965149901389736
-3.0750883869423675,-1.280257957785853
1.9231660355282882,-1.6795220720710595
-0.1299353803368863,-1.34114209142523
-1.8895775705219078,3.6666046265068086
-0.7591539386325843,3.9993053237981195
0.08795456328220078,-4.230179336674054
-2.092030248517144,1.4604395493737137
-1.4493730020978572,-2.930042253555286
-0.553555325680144,0.23230331038578528
1.0854996913128574,-2.280597287494705
0.4627088773233485,0.06852925709904362
-3.402665756620917,1.325842912619583
-2.829499850458016,-1.9978405553972614
1.4966300758036681,-2.117966650785478
-0.7190368518766932,0.9054406089821239
0.21870917259804706,2.679878289045791
-3.4576580071265037,1.1714792237145228
0.6917577423300104,-0.5907146736552036
0.2389034614729214,2.873091379590832
-0.9540323253486317,-1.3212951720795543
0.6863494098062062,1.6701627874557925
-0.02703754779674065,-0.03184186305787265
0.8726620597527422,4.45268883132522
-1.2125794792678708,3.8975308019283044
-3.6629838951524687,0.40496923748496216
0.8180885470416929,-0.0518163044652894
1.0828129782146605,-3.8088004404842324
-2.331695981703933,-1.9082500509316431
-0.4309289398042012,-4.250708794052099
1.5541745973863317,0.6799054969809497
-3.018729859319924,2.6418304693603076
-0.865733627767992,-4.386173222719087
0.5642529195449228,-0.9976993955324518
2.1031586634902375,0.4093086884676619
0.1335463651259475,-1.3363756009006804
