-1.269104105884341,2.647002045896298
-1.5257759380755342,-1.6454933276672918
2.8079727732015582,5.244162013430986
-2.957815789729456,2.203395441166518
-3.724923845959805,-0.5372482413172259
-0.8918709522099244,-1.3020058244593342
3.946200287574107,-0.43334064412390844
3.7087210432539406,1.9889198069794862
-3.277107777185316,4.381035576862064
-0.6104484852030467,-2.019712114175642
-1.1566079255695458,1.540961609053601
-4.470165392337778,3.1435435467998003
3.189148174719036,-4.142180360972996
-2.3252160463739333,-2.620838664943352
-1.064236913865954,-2.951495644814824
1.9555340434584967,-3.210134707025947
-3.208492781253675,-4.711527836222132
2.2052415965991026,3.203539861111266
-1.2713790849385547,4.8688726127731
-3.891431158052999,4.490504444006853
2.559089848347754,0.8598682421680366
5.118223977982983,3.058447636481217
3.2131172644843184,-0.7976167179000255
3.9071176603766817,0.6877728560273539
0.9433918114447828,2.1124926883333366
-2.0048288294081757,1.9023644114506102
-2.830528501387569,-3.2379537828670752
2.441946702142075,-2.70062560513182
-1.9907722027141903,-4.731022511290663
2.514073986090417,4.203065516208416
1.404785998874009,-5.2626128883508505
-5.2268920404470665,1.207131619654738
-1.263331717906259,1.6191162967034007
1.3025434610965922,-4.481555070768221
4.693390833506958,4.385196285999302
-3.5902183968035555,4.244625103031816
-2.699695120639648,-4.546089402410188
0.7001225062485192,-0.770215961677182
-3.5173308313438776,-3.1467298504945367
-2.9170089271940642,1.6476624611337896
4.003537284275985,2.2659408475695617
0.9771493018349588,-3.2521358142531205
-1.3550836647466966,4.249133482012533
1.7765201399615507,-3.88735417233805
-1.7960917058587011,0.6288676460600249
0.8573507304525603,-2.983167671172437
2.0186895712978874,3.5070291643720255
-2.6237665102307766,0.9198578641843869
-0.8068369589330715,-2.257678000318604
-2.2670587333871666,1.0304670247821976
-3.4215299158539976,-0.9875478870428831
-4.900567073127875,1.737832437898333
1.0979713417574282,-0.6990002107028552
-1.2258651318581812,5.03007261672439
-0.7790050375898361,3.608790945488539
0.6980315531046799,-2.203637235259178
-4.175989873575106,1.2858562109556975
2.308912851062048,3.0119377909942706
-4.362718852766933,3.3979104055967015
2.3582247163920416,-2.63127473659122
-2.834150796043736,4.548516258830321
5.233241573624544,2.6063012787504833
-4.182003683801075,-1.0811865742493396
-3.753809926606018,-4.475868853030913
-2.3461713752853735,-3.4035331051992563
0.4819781553285509,3.074132945526811
0.47790856757265326,-4.197671145047148
2.2346820452116987,3.2933437625501325
5.1833772504465605,1.3774237517015886
3.701111654759404,5.037383219819897
3.9345188608285353,-1.2282201698133284
-0.4392450075689808,2.5821050320810803
-1.5226744080889574,4.451893105212343
-3.8448393632061246,-3.248519149545209
-4.868933081318443,-0.4733664040550966
4.107168346355496,4.780883538499071
-4.5412281125527905,4.549807132799645
-3.5147261022778906,-4.216890376372875
-4.189439083808369,-4.065361205594289
3.9431552776140757,3.4033759760204374
4.418475430152216,-1.545722427788225
2.7613137869947364,1.1762854297944412
-4.490155946539694,1.5265046347386646
-4.194005688319887,3.3518364881950538
3.7548301106946935,-4.647021412977469
-0.5358612833857432,1.6623013440570553
1.7862829348655371,-0.4837488232215598
4.617213005233629,-2.509927732061747
1.438326871955747,0.9849425748765539
1.178654151733171,2.2431072269772825
3.7666531129245326,3.0561211640553516
1.0943832045524327,-1.2661777228294133
-0.5424254980138639,-2.5918858655411334
-1.2481679774969276,4.414479579620635
4.8949816455296284,-3.4477391133044106
1.637730871240531,-1.7241868497152943
3.3754922025691654,-4.42912460704673
-2.3312512367450817,-5.224931060546135
1.2328222286404398,-3.4834232762073154
2.600559417700377,0.625190855583295
0.4506588291489299,1.4999617276053592
-5.087440909729067,1.8695975453526954
4.309129817279936,0.7085022890885846
-1.6019562650121808,-2.865834816312545
-5.135493220934937,-1.05816348075187
-3.214246426855975,2.579025710026932
-4.209062231494312,3.9011547730321174
5.135673100265019,4.593915737708367
-3.212847800199407,-2.7264896030552164
-3.5531696485929647,0.4683549234577386
2.4382376224513918,-1.9538368927280365
3.7156101096943397,3.075178197927764
2.400303326773077,2.905806478515781
0.6474344255789231,-4.774191914554248
5.047257653634747,0.5207773316142215
4.647662751918339,5.03319866428443
4.918817342807965,-4.374386093925556
0.8946579518354867,2.889854636376568
3.089925634068691,-3.4212198190525793
0.7933720254981476,4.842657521570863
-2.287794305549222,3.248953970179442
1.1447141903397278,4.941574493140526
4.749346343586205,-2.848269068789249
-3.92885844634504,1.1205788665986225
-3.4971162704206944,0.7982614797453842
-3.321637011796115,-3.122090208587867
0.6376744327906565,-3.479742301784073
-3.8005351137271033,-4.293240450805398
1.1900456710644234,-3.7158669431000786
2.41303901738344,-5.270921414915686
-4.046871821034588,-5.252084460179275
-4.396314647818491,-4.152728548627731
3.9500575090187384,2.0270941053966247
-5.149821198360424,4.766096764960467
2.1510883426985883,-4.621753035558674
1.6605388834513397,2.894507458031991
3.5951730397922477,-0.3423129068292294
-1.981146288442065,-2.0578253281697707
-4.5287213892028975,-2.0396888388714935
2.48266941930986,1.4783710466640507
-1.2077134414261554,1.2797972953020456
1.69223649207975,3.3537413488800185
-4.541327891508865,-0.547323142980445
1.339508090080613,0.35935581799485056
-5.17175078246774,3.433276828338122
-0.4682052597676815,0.9566387683162978
-1.9552235224463488,1.1919399302784106
-4.810243987158173,1.679131312560924
-1.1980990359126997,-1.09746430236293
1.0110205240868704,-3.156190510454403
2.5739099622834525,2.8909311754424136
-1.7146176643655007,1.4700811173953563
-2.696066250476254,4.883939004461854
1.2231114638398541,3.5826889287494987
-1.1199566072092646,-0.38354042711843234
0.7031243655219053,0.7161805864201611
-2.262064049771095,-4.970035841358418
-0.8989193616101823,4.418988029417833
-2.4340506197074205,1.5273623609320073
2.697300181490081,4.676682245920332
0.6092585262822106,-2.3272009155954594
-3.1097658000079105,1.8414763912143848
1.8222974239336935,-2.4624570195834066
-4.996194917323524,-2.0198502821608315
3.1261819076667487,-3.791751097713187
-4.6369039625430615,5.262770370671414
-2.6601808324990635,-1.769115626352453
-1.509356586051734,-2.651372767659753
2.4252726797339337,4.119894600561243
3.041063738591972,0.9652712719647945
4.765806748992339,-3.6220286370248496
-4.80612147335311,-4.936359914211408
1.3012111471707153,-4.107782608770276
-2.1639980693315204,-1.4111742225322341
2.534171831511128,-0.6026691534833335
-2.2457085829870103,-2.698522266291709
2.675770772278951,4.138972596892333
2.667468297250516,1.6469481197498201
4.473936814944056,0.764052639131884
1.6510769776429879,-3.584208511227634
4.5684202245546865,5.1790271406706045
1.7509167047559029,-2.641220091182461
-4.838605648463536,2.470420015834243
-2.5539776411215573,-1.9603045151253424
1.5346280992264785,1.807170850449553
-3.2863342926328203,3.1222786768809545
3.3592014149550886,3.8769198516044954
2.5314205304549535,2.0102350366908723
-2.925134963414455,4.569223370315966
2.2057272542278925,-2.724675005245408
-3.8958326321824064,4.860577467061323
-0.9087208046230775,2.6668869504176937
-1.6278988165039585,1.3340375707200824
-0.5438046156723051,2.457528476130138
4.616987631549931,-4.984475321179281
3.179051944665022,3.750810684553554
0.4576242189995023,3.864938350479089
-3.2691784763449254,-4.0300828415718115
1.3332923938023822,1.0402778265204617
4.871945260413704,1.906814907905351
-3.073301202953692,3.5598767839191714
2.1882331617501682,-4.5612217251024685
1.2557954840390793,4.085013157264783
-4.541612421636496,3.4412668567839377
-3.825150414903688,3.0699399184285223
-4.136763237254189,1.197739062257955
1.527635300278629,-1.8665255942732026
-2.6437594547899352,-1.4552613307563134
-4.7468608085892114,-2.590916284002181
3.61682062092802,-5.030721708956812
2.136057355463075,3.0833805830237475
1.330905906688946,3.5172266769154925
-4.068800614596713,-0.3681764988315079
1.6570166152710943,-0.8823438693594234
-1.5729705965869922,-4.030239258283471
-5.046508387179591,1.3501476155942866
3.130278559671919,-3.9625585885819685
-5.1595070900222755,-0.5734609489883724
1.2673160206695997,-0.6210457267666094
3.3146006568341226,-0.8963497494275228
1.8171692872609821,-1.0196243222205628
-4.117461155134166,-4.695070185456901
-4.6262952041506535,-1.386608967330105
-4.702213364755068,0.3082880026545231
5.105067017352973,0.5743577442644521
1.7562299501498864,-3.7881482250062133
3.7685713247824806,-2.7496236856746696
4.197427726436586,4.033585889828161
-4.480437083114137,-1.325319683636432
-3.843262853421569,3.178107296439002
3.051198507588941,-1.3249981281318377
2.3491979336111264,-3.8950049069903523
-0.5047625742631496,-3.3784645596044687
-1.7456803359611979,-2.868915964667322
-0.5025574576733487,2.4933620553638134
-2.708495373205428,1.3635686331247812
2.96124307617207,0.43215829101654996
1.2386968060096477,-3.1409596055515805
-3.279508365709792,-1.1555484371704028
1.8050748537502586,-3.4267952776872486
-3.5014366981187446,-4.532955667639603
-1.5273685718686132,4.267383274680502
-0.9127513905643785,-0.8701797030524425
1.5996137493371896,1.682115095164311
4.836736055979752,-3.3177295181352013
1.79475173490654,-4.635457641406326
2.8972636987882954,-3.562856634257707
-4.577901853754253,-0.4257331094605014
-2.8909182816688466,4.707324702831019
-3.8700149686889915,2.271925843503354
2.2165372103582426,-1.7446573836811974
2.329417241820331,2.9139077514201066
3.9074429890857614,0.9363621066770602
-0.4371687531298491,4.848382900028041
3.267334687524463,-3.376185137950824
1.6140471499884035,2.9467195967290003
-3.916379709453865,-0.6023549629465557
2.047789166660664,2.2998491770433755
-0.9954676538099545,1.4567855505952274
-2.0500837506061247,-1.8821133452468175
4.549690538739681,-2.0698530890690643
-4.342459462565995,-1.9326128824643771
2.5128851049071415,-4.433868326159775
5.106403278174997,3.33228688271988
-2.881982927598163,3.6618127387313413
-3.831096835244592,-4.203745569616637
-0.3122736834067263,-0.8711849450909679
-4.922276512142917,0.6251168821893149
-3.411089119515009,-4.594157045098883
4.076474766555287,2.9938195637883274
-2.485597757581793,-0.5845523193861635
-4.018383479617602,-5.1128713104287264
-3.800699911481302,4.187422190426029
-1.427777909284904,-1.0368585092548932
-1.1068267187365877,-2.685306133262573
-2.528242662972165,4.381247358703209
-4.378831845080806,-4.579672791824946
-1.6609622795193968,-5.19895464854147
-2.840771247885817,1.1285090831282105
2.845935651808177,-1.6993178646890412
-1.1141096087909708,3.293668664272823
-3.640362623130973,4.74536665742585
2.1725202134406736,1.4552976500977508
-0.64281566580019,1.4810608409265857
0.607289400492687,3.54805883895117
2.777172305320171,-4.663964780566217
-2.453122425459669,2.335706191910118
-5.049736425950232,0.4465857916920097
1.3665237446913159,2.6294484797029654
-5.076833929467595,1.6408263262316158
4.529246559184558,-2.0110151545779074
3.792989024474948,4.1053536499974586
5.019832375623079,3.26892025280414
-4.855583633858834,3.8127712322229295
4.32906166345247,-0.6013959107881937
-1.8710116373606962,-2.9169656745582646
-4.970139967909614,2.5767245959694627
5.178430570377443,2.2841268778733985
-3.545159548128804,-1.0580720285125882
0.7699598863208676,-0.6518944244215199
5.047566656813086,-2.942987690853439
-2.3191650608915246,-4.837680846391284
4.131946509905833,3.7905912390276937
2.0378292529797424,-4.959897759410311
0.6924521922756253,-2.8365890735961568
5.047585748301221,-0.3793841580839025
-1.5712381095795298,1.4210018096856534
-0.5783229906301248,4.392546489981725
-2.295728424159986,-3.435137185498852
-5.049211777115516,3.898654893926799
-0.6624027552562943,-2.8673958052260624
2.853113451412036,-2.986360501197783
2.6333012285025887,3.7143389986874977
-2.643421143320785,-2.9160645938047676
5.040885340017884,3.589096663275696
2.416420529755009,3.7387740468778743
-2.3331493757260455,-4.374772545891236
0.45529260904504926,3.125131714454363
-5.127010750630344,-2.2259588182627406
-4.312114783924173,4.828859313561797
-5.227127321047447,3.35302343398397
-3.384626248864387,-3.205157718317548
0.46861883129823595,-1.349330253128061
-3.2070631559753755,-1.9259415532708488
-4.305444763976641,3.7108884658197434
4.5108527288289375,3.8938002079379403
3.240919054737012,-3.6662365396859027
-4.204615609096322,-1.6406503902776646
-3.4672578589551413,3.1302508489135423
-4.716135396926601,2.567857915090051
3.824310786129751,-5.151541444622782
-5.11146798879055,-1.2238762687985612
-4.000806078568102,-5.099137215592964
1.9861335020247772,4.493248076191102
3.458306853950929,-3.18030971479994
-3.8544417313995814,1.2544031714768125
-4.368003187089654,-1.2404504965640337
1.601930102652273,3.932734776268684
-3.7783679136883572,5.073669283523459
4.527190315586446,-3.930234156638768
-4.70832562980061,-4.004341004144754
3.7448922195359,0.4414238519336166
0.6510095611946778,-3.5702123371370336
-3.15996320427641,-3.6438753417161758
5.027601871974995,4.580014071887066
-2.8712620131269024,-3.0618510644017043
3.168348904738001,3.9666006139385326
3.9207795339582345,-1.5311228614010461
2.9949559019979555,-5.202793521105781
5.045386893361209,3.7363843912483707
4.30728635304379,-3.38898074247794
5.056586477886497,-5.257943054859246
-1.5993432175094744,3.373701327889388
1.9310687394340251,-3.1231167464603056
-4.043992666793434,3.6580759315623927
-0.4586368941851388,0.3789496132854577
-1.1726058700690063,5.068877732341437
-3.021335533550888,-0.41148995042099673
5.003697762774633,-3.0265972921597535
-1.8979493427135272,-4.297771638543512
-5.031895896696683,2.199376263607303
1.3581066089801184,-3.0449348036413433
1.1333066166582138,0.6316257296358139
-0.8662564459234618,-3.231410953936374
-3.263801763406881,1.6065072778131217
0.8582965839291357,1.1149186678461647
1.0108982967967528,3.0700248922854323
2.676170897524271,3.4765939487031075
2.0652964035800876,4.235044848840171
-4.956454496088829,4.995335105074527
-1.6666644916791016,-0.8064806285603272
4.544555663039563,-2.7924050564610257
-1.9087165754434985,5.053292874105504
-2.529400507898239,1.7495407777679335
5.02900500126453,-4.771210942155038
-1.1584105011991908,-0.751144165911563
-0.9503482448762022,-5.215287929829107
-2.8094593219485713,-2.308552721048814
-5.274496292144815,5.110201756530176
-4.309997547342687,-5.147039821437199
5.112112789050781,1.9946216347417025
3.2597107488787858,1.6659778018547755
-1.6331474782245359,1.2053612887254037
2.7311901939463397,-1.2526922863425913
-4.398530453718171,-3.9710368887540666
0.5951451232772051,-5.268370702330387
-2.1024406690649027,-0.35828353786037076
-0.4231128074192478,3.4720145072638173
2.9167269246261327,-3.0875371529485114
-5.251774235517304,0.9442712822908812
-4.69263731546343,-5.2619826491832145
-1.887629244635025,1.5924328756848543
-5.260017726880012,-1.839970248291167
5.119446383962315,-2.5870399820739474
2.45357884399339,5.201206559646571
-4.604038691905854,-1.8322156549980149
-4.543048291953854,-4.998227833005441
-2.8400084830116032,5.268807059911835
-1.1759192906353475,-2.1864032489141687
2.223339429422749,2.50506475765632
-4.861746874822016,-4.827133695686583
-0.5558133126032223,0.7750592187453222
-2.0670030771689136,-2.6052349702388353
-3.841110697091374,-2.8002992656166854
-2.169479604981502,-3.200136895141391
-2.568350013699817,-1.1979854574321742
4.906026425834731,-2.798030517151818
-3.3560094976126607,-4.934756889411319
3.3738185753372205,4.273470223366252
1.4941540859445628,-0.8566634138392077
3.094398985534398,-1.6704189047490587
2.8920885553223084,-4.972594346374685
0.8338512290349007,4.277820832734263
3.4387532387382285,3.9134533678629113
-3.240231413062836,3.780797307535974
-3.5051159933184177,-1.6365162515956764
-3.017141614141175,-3.275775418734112
-0.7166666658007792,4.535362781160219
4.863145299329779,3.357403018848756
-5.023114195539901,3.8097158561638453
-3.501872013936967,-4.988259754568512
-1.5220012496056257,2.918968607894901
4.8258434515051745,-2.692727935653067
-3.926028120353888,3.2467427538164166
-2.6767386128101474,-3.628172279909387
-1.5357819184507202,2.8311272522546664
4.250589298032813,3.24292720919098
2.3266369102294213,-4.057752434448398
2.3322888269682913,-0.5360893214425533
-1.8089798320534023,2.163294832110118
-3.344605826832174,3.557242531737388
-1.1097143040022746,2.9963003220880102
-3.457148985213295,3.8753134690387183
-0.3234347777841979,-2.6551737163595086
0.7083781847855015,2.3514267546749474
-1.4864582576670513,-4.120752951867851
1.063114561650001,1.8277142023422253
0.3099902380839971,1.7295989668606986
4.0763967685403815,-2.7187872767013763
3.6112271155688136,-2.7172615658125725
-4.899498843869613,-0.7485941350282392
-3.4753455729492515,-1.2589011264588692
4.225539889305801,1.2351308824217864
-4.912092394313599,-4.645576198051103
3.784848198082538,3.3770175264923905
-1.7787688133651145,-0.7989591924812107
4.860212182325776,4.2770642240305525
-1.5546112205077687,-4.816221039564611
1.8529555637806425,3.3210585687748635
2.3626425880600674,-4.294826469865081
-4.488043145788911,-3.6423826516236986
-2.69422603991988,-3.939015560247114
3.0684375649219735,4.09022251147888
3.831252425154868,3.3886236077281806
-4.188529886876081,-4.669857990060627
3.0044975879872657,3.8233899318549893
-2.1115457822730415,1.5547710557235253
1.8268979767420535,3.698838263888269
1.128098948016704,5.1336830931500606
0.9014258923552501,2.5798310526219117
2.592963784875015,1.9431886541263996
-4.588470882435541,5.163625955907443
-2.5119526571052093,-0.369530045548988
-4.79892863248242,2.7557546129649264
5.033056239080712,-0.6255029834850163
-4.914649127574347,-4.840599324545803
-3.4105156713803204,4.3356086256768025
2.279265986387731,-0.8897634642318197
0.6800545349828326,-2.639993518982146
-2.289230691514624,1.8293037910142431
4.226070933085636,-4.282251306660186
-1.042190123857216,-0.8903467244621865
0.7340146666162151,-4.229308603850559
2.9186788206524,-2.9531006317637436
-3.7460792616640965,-4.114428212498781
3.8759182470472124,-1.8002192490261202
3.970760892891586,-3.8398435955704087
-4.502284024445908,1.6086391303290288
-3.840495907334189,-0.8003138903929374
-3.406191282271947,-2.2040582440840835
3.260315939700525,-4.308747791008026
0.3478490549613495,4.668055229320385
0.615082337132977,3.4899422828485998
3.1402880183164923,1.3610700980475763
3.0462929222165,-2.243994629553296
4.7149389091887395,-4.963152764647926
3.112321808423456,4.974748930910162
3.3273036453801046,-4.984520354322215
-1.145354550491738,-1.3142981135399874
5.0468011639701595,-2.1523237914637248
3.6131924746231006,-1.670156031498869
-1.0129425525598166,4.399602281013208
-4.893206916650931,-1.8424658687267013
-0.8303828812608389,2.993350327327385
-2.202137281308631,-0.9575083329430936
-3.6740506451084496,1.548718149016427
-1.447329846486084,1.506525655215831
5.016601040020777,4.142762081583938
0.8290116117852062,-0.8763502288844924
3.05653110541461,2.8454864057971188
-4.7232500168000735,0.3057958556523534
-3.302037794095619,-2.619403506210059
5.087568669195384,3.139460864379682
2.001122975337882,-1.4628610816068373
4.377596832556372,-2.336066006462409
-2.8745607908659228,-2.126976214161109
-1.9073527876051963,1.1735701385909014
4.932556836747019,0.5838554699195264
1.9122578032733293,4.799037918829545
-3.230102605191914,-2.292627913601259
-1.8745263348808792,3.034816046453244
1.84720343718608,0.8989050665100093
-1.6169777958415896,-0.896517233452726
3.6117008909420614,-5.033782569071709
-1.3491530842573327,-3.2308118506855172
2.2343486965783903,-2.413154432358153
-4.731081913759147,4.552978734892776
0.7682145640726905,-4.680065863605722
3.281459524657447,0.6203622482082747
-0.742222162555586,-1.1929557311455483
4.055523196952065,-2.3297688229260087
4.829026047211676,-1.9076768363056218
0.5509182832878479,0.38437445364150874
0.5956902943771116,-2.0129036028332754
1.6979355411335482,1.4382055972744354
-3.052221581900833,-4.379177469588896
3.0171570017181226,-5.2393633389848135
-3.396515825642052,4.626197924986596
5.278952922378761,-3.0348351260895274
-3.647381304425819,-3.4296742864273675
3.1853322976501435,1.0779867763041804
-2.9853015116895505,-2.971341597752994
-4.67152342964549,-4.4908058860979265
0.5442653315674291,4.241525294629631
1.6644919086090015,-3.053794545364574
-4.673970232828862,4.654253010678651
2.2853921037781983,-3.6213536237398785
-3.263943362638223,-0.4885359497359502
-2.167392918071835,3.512640582515732
2.3382729544861975,-4.242557183001982
4.614448606814599,0.46217863348983207
4.171247979592564,2.6719412013416086
2.7609464183660686,-2.622444759873141
-4.030988264444947,3.53885049109683
4.6138200313417626,3.6178004984920973
-1.9182846305585743,1.3461258532431224
2.0727778560419203,3.7630537307108414
4.081032223589523,-4.6080236685761005
4.621721391164377,0.6178950120190507
-1.2853978439058313,-5.021995202908538
3.0713453516062144,-3.574330670747206
-1.2410742726854027,-4.393874926975789
-4.437282970249652,-4.887376375003443
-1.0707526318954417,0.47962557409120893
2.701684284007065,-3.4527564779277213
4.342850927251592,4.500151100242795
4.600838466806581,-3.746637413156158
-1.6339028341901927,-3.3510100320195675
-1.1430432292925954,3.450834732328482
1.8309439469769349,-2.28698897821047
-3.796656823310069,4.071175566497019
-4.31605632605317,-3.2216741556304846
-3.5605282874869455,0.8658859719295944
-1.0919245380444498,-1.1656340957898597
2.6078579426446646,2.6853216134684237
0.8764672715484061,4.347171841911298
-1.8476992161314885,-0.5356107058494282
0.4396289072374044,-1.482441191830689
-1.377728574048301,2.1745144687366995
-1.8162613166632113,-5.16828895592534
2.6375097218928234,-1.2704386570357162
-0.7529679879205562,1.2573355181136965
-4.557721842189008,-4.23256257430902
2.3334798107088055,0.8976020842551808
-5.281984296932782,-1.7510292817755675
-4.402786675587218,-4.1062969089881785
1.4473667750929444,1.8012923187223306
2.7039335754877607,3.6975149741111624
2.0788828360283054,-2.7539065893550667
-4.091154571960118,1.0083557465522717
-0.6581552393647583,4.793107636424666
-4.623601508088778,0.3626041238490904
-0.6936035693216376,0.8244440246758187
-3.244752486622618,-4.1299196648925856
-0.35920658459027094,-3.43667926762206
0.9882244641402755,3.1045125145333836
1.4107861780463467,-1.7803289461054368
1.4292916316803057,-4.160227252693438
-4.314134121152736,3.113088653070137
3.043746709287337,-1.9485544766162108
2.1046357879879976,-3.371233157167903
3.333050291393758,3.8803450510096864
-3.5120193684246765,4.490078616853377
-2.26031961915459,-3.0139917482689755
2.3028693808436573,3.6676174485144335
3.985656392056172,4.23994517753365
2.3449108895181583,-4.437144696191042
4.920076218259575,3.1593831211603662
3.830634806334822,-2.1229579446755027
-4.720946931380534,-4.911227715236925
-2.256698079165253,-4.468372101008753
-4.339733365710671,3.8928726561711207
-5.270774390447002,2.553477305239702
4.590686836674041,-3.5345077490020946
0.9602083586183305,-4.9425691966962715
3.4569501382856282,4.129802968281154
-0.7881198070439688,-2.1474482199575693
2.2764912674814095,0.5033330905677904
-0.33414143224474663,-3.721892807651401
-2.393415365497284,4.428780850846922
-3.906128640879049,-5.2227764754594395
-4.321214034214321,2.5944736313356724
1.8960907414097667,-5.106607210508331
-1.8946160714095213,-0.8000089233724881
-4.008503631851919,-3.0027047682199113
5.018216410902759,3.8313342372043424
-4.079086109376253,-1.053556458540773
2.287957909564394,1.5108580838795274
3.639370198659459,5.245818740330319
-4.278031439970973,5.232821122321645
-1.5840286264334875,2.425131318717387
-4.065674017208711,0.4307480557473015
0.4085294412932107,-3.2831724761290646
-4.346099428032884,-3.8534756577714897
1.180993914411297,-5.057005456081798
-1.9424881633394773,-3.7901229972636448
-2.57502044550791,-4.337665088748161
-4.9029755023494985,-1.2985889915787585
-2.9269418139110046,-3.902848980811015
-3.2242438432365566,-0.8748454470515841
1.791623971925126,0.8053603951378314
2.940486608695319,1.0271663417445815
5.299540998968655,5.122276994787932
5.043272453773546,4.534800652470822
0.5069461008635854,2.058011532132812
-3.732255997661065,-1.9117089519539674
-2.8024486157436783,-1.9099349138806494
1.6078431147377288,2.4894323503468323
-4.610693311165455,2.7261150084481285
4.309147853442208,-1.7240084242472886
4.957138268601731,2.5189243364459344
-0.5884393169539319,0.8601890588024459
0.5534614798599178,2.817733464237387
2.619173019179846,4.195544585375067
5.128643277050865,-2.7380803480248046
2.4472616197620063,1.7635563870176612
2.9644837186145656,-1.9874903691451171
-3.0364104497303055,-5.112403374169369
1.9404062115178207,-4.117348666216276
3.1050987164439627,2.1997075275761384
3.756437598363216,-1.9580750567758318
1.1201803840092837,3.818219617222673
3.032580185681171,-0.9957208288113908
-2.7649943899301563,3.080633796611523
5.05631504950371,3.215119443829992
-0.3200588148623657,4.042122237678169
4.590665677400691,-1.551507336321934
0.6116848550615519,-4.177980082403981
-2.6334385299832794,-1.1513050194096348
-5.072741761293602,4.1824077659861425
-2.3543550943973086,-3.79384665517905
-3.2076939325315665,-3.397763819408051
-1.5373696317337544,3.311345302047509
-5.1741826190096045,-2.5632581571371156
-4.7078131396076985,-0.7207470404904248
-3.8281236416973723,3.3612496519344015
-3.1270401124829124,-5.226176326941666
-4.184609376691537,-3.3841994348075195
-1.3916030877046481,-3.473076762532012
-4.55712205803567,-4.476905685884461
-1.4394853255592797,5.258601336448593
1.3433426433634417,-0.37710521688184445
-3.521496295298939,-2.803934566829302
3.6447876776126895,-4.4064352095448305
3.2848422083479862,-4.482252584795636
-2.673604888167937,-1.4667558900305562
-1.52498259529636,-4.644403996802289
1.8567083882893398,-4.087541014326819
-4.164986717970667,2.377287101194609
0.6947377456933757,2.2019673175096406
-3.960907058352775,-3.888261043154298
-3.420639544608312,-4.676454597429021
2.4123244830937667,3.6131059640973566
2.5296699528632614,1.99960917698472
3.665534672335892,1.187535092875325
1.246717492628566,-2.4740381702641985
1.3602870566009104,-4.420242348315984
-4.611845695736382,0.7648392843328893
-4.762059795573532,2.209981076020922
-2.6339631813558038,-3.4757841127688502
2.047491677561866,1.0507186742284855
-2.3327034619511773,-1.0678106025636496
-4.240634489937389,3.0228189814405537
-1.5655988127297082,-1.8342032459568778
4.5816483518778535,-2.8891120996444357
-4.498459839048519,-1.5259550578100411
-0.7250465151987824,1.3176351878742028
3.3603166624959337,3.6977637239101737
-1.1842649535940775,0.46776874825642273
-0.6534741542042923,-4.356880325149942
4.524953230723399,-2.8869303003178564
-3.1721595763932235,-3.4751418101601668
4.168068705785207,4.11905346589685
-2.8014272066911534,0.9041539288451583
-5.10516852217784,1.022620418875911
-0.6248120777912256,-0.8941084672007922
-0.6716255610028921,4.069793665407993
-1.0714475852631244,-4.709413751619702
3.949763733532115,-0.8752185165819137
-1.8816750815852779,0.7621268542836124
1.803138937122838,-2.2978014158936317
-4.340044648771058,-2.901302355274104
1.795071434071246,2.492784255758397
2.1505224888639223,-4.97214585971953
3.856898837914323,2.8068426471260883
1.9267698611355233,-1.1577189789284887
0.4166103245191943,-0.9027178625247558
-3.7402587525325464,-4.487191477568683
0.9301219972475503,1.089622701045241
5.232764621716227,4.810751727099039
1.3052725593542391,0.6384745995211738
-5.198118809935069,-2.6995006124606578
0.37642922471081625,-0.867377630829804
-2.1972716911902594,0.7704010396977419
2.09226669449638,-4.087001157915358
-5.002903628653205,-1.031056682435761
4.07052176402368,0.5778422265738092
-3.515183375748731,3.602414800531995
-4.890112947997196,-1.59189993195308
-4.086275970499436,-5.168878472396481
-3.900764695205667,1.570352681949114
1.2961052161176092,4.476329436154567
0.41411848153760306,-0.7400555059705323
-2.1524840226201496,-1.0119503019252447
5.046771432088524,-3.965030377990944
-1.580198450130773,3.2098970793321
-4.302873911556525,2.1283286955574194
3.2953656657319135,3.631315568723587
-5.133247702080027,-1.0378925905364567
2.820902918630633,4.60112563861045
4.962253000429166,3.018343217216027
-3.3214352790099664,-4.215499804185175
-4.20778398339084,-2.923064766663373
-1.900750558635161,-5.246128393146853
-4.173994384673236,3.7056500306537954
3.6728870004194833,-4.1182135686368735
-1.9864069004785454,-2.882772188661354
-3.4371317147051244,-5.249854467351563
0.6199011307505498,0.5999724795712471
1.874240831227753,1.0603516613168893
-1.7319902198733639,1.278418025949762
-5.033459479619313,-0.8070126398149011
3.190533176357964,-4.3232947641682005
0.710026993679292,-3.6485908463644297
-2.86492597235591,-4.120102939819561
4.540884980494202,4.427064818912824
-4.5946721240364194,3.474553651651763
-4.169848316918679,0.7492855831399592
-5.115248599681716,4.249692082487541
-1.1880997802346827,2.433564535426112
4.789555885300131,0.49769421610873116
1.0203373746814777,1.2599898876526103
-3.806719510316234,-4.319113744869821
-1.8926452137969874,-3.386917865810096
1.5747598671784344,1.2290762327648095
-0.4141264967806963,4.932159570656043
-1.1694385764907909,-1.4392469957476226
-4.058301217159587,3.866111076377469
-2.7962284114282117,4.507002948922778
-2.515534044067848,1.7547060223927862
4.5497657464584185,5.063317846461131
-3.0793532376556705,-2.543235515348324
-3.327667074195274,-2.574517246204488
5.029223113788221,-2.7742587311516482
4.9979201750416395,2.543483976404521
-5.288292494663129,1.0233172794998497
-5.093786098010802,4.00454810467314
5.012911490233068,2.992329966267488
-1.0764132430238267,-1.8471100496728707
-1.840249158444139,1.5594846501347759
3.8175200331702053,3.1816674161137435
5.241151479560615,3.950162181671124
-1.4229672474885142,-4.795064802714598
-1.417601087857223,2.4926205580842273
3.314993201713782,4.066155571040661
1.5567632829561344,-0.7187236456899051
1.3557529524124796,3.1918330964521013
1.6644023894511017,-5.0829934790061655
-5.259603770586398,3.940080237557461
0.3104977402893036,4.68623969424556
0.4588804345974779,-3.708041635345089
2.7618630261819375,-4.715293775354801
0.8369810005160112,4.435468908704062
4.891094254270562,5.039853318872452
2.710822422700974,-1.288758176803688
4.217284709210106,-3.9590228484974195
3.9356318739423903,0.35615877086190045
-1.638806232030152,-5.20310858150298
0.5001719731047383,-0.4707623554897033
-4.892324849947084,-2.588663843919858
-1.0602999260393429,3.1385115911136348
-1.218365580462698,-4.1995394044574885
-3.584757803092929,-0.8493448438192577
1.6508354871393565,-5.0431099479689605
-2.8683069086314914,3.9195083796000274
0.5982051689712551,5.246375588423667
0.646355214739079,-2.896155766172363
-5.202288948844844,-1.6997687862472286
-0.9962074656396658,4.551703001915754
2.1687809417882447,-2.291796758312839
-2.8544138619505617,5.06730443474128
2.4872893153795905,4.32935059621762
0.48236993888545693,-2.277774017250171
-2.944926483439339,-2.0026329843410604
-4.244510605275128,2.8384657598308687
2.054371620986452,-0.3180011944944889
2.834167463087895,-3.2052416429161177
-2.358389252272742,-2.5506311934462085
4.48199039740896,4.657779613634125
-1.1496242811528499,-5.087019566085792
5.1250015980653645,-2.674988322442397
-2.253335064533519,1.8643511596521665
0.7643156482198761,1.7079420117511266
-1.273664548412888,3.786435450644672
1.219729471887056,-2.2531828092424453
1.3168277338718701,-3.7561549857831826
-3.8193288863314505,3.3769602800980545
-1.478895189424293,1.0240169707903928
5.06411748634484,1.1096514262097188
4.127327416493416,-2.923119639022473
-2.962363974586851,2.5507902228578256
1.67445040885879,-4.528063461249607
0.7477135169071574,3.7644519764350965
-0.6898707868018648,-0.7497195675037072
-4.397190257745371,-4.910913767762651
-2.2048429532426814,-3.8339011389525153
3.9576729791550713,4.554717920241532
-1.4293682923461557,5.246951934953548
1.5980253390230115,-5.20161330357354
4.0463381047595,-4.470990789825591
-1.1035136254602904,-4.69221461691167
-0.36163311143128957,3.0763624535499767
-1.5230335762991365,0.9511429519690682
-2.3123417270514364,-3.426432993277821
-1.0789100952931954,-1.325937816134932
5.253381420691567,5.100380195289056
-1.464637615413755,1.2541935215519804
3.6291754417710953,-1.5847994773556968
-1.5337828154704376,0.6626895272574356
-0.4124494264889595,3.406866766660724
1.626129461356917,5.228672437900385
-2.4050526326263473,-4.335194515930041
-3.0917620453684576,-0.35604565915778624
-3.1279445884518093,-0.7525453056953231
-4.479745499181694,5.120398498487714
1.0255673494946465,-5.223860259865912
0.5793449483285802,4.766699242074144
-5.205961409548388,-2.273618731226608
3.848046371316978,-3.943963570629948
4.375233514248396,1.8612886730508624
-4.222414640336754,-4.795651725093513
-4.568222518026206,0.9867639400775368
5.168728105404965,-3.496164567866434
0.9049866276767544,4.145603461909263
3.677468465627448,1.6209326644888018
1.5746162021678176,-4.601435774879296
-5.1935168875340505,1.7584052404931383
-4.3166648931074105,-5.079910786729937
-3.737028920322491,4.042269464602042
-1.3661812498444224,3.7043504909275624
-3.188414167155335,1.9713489832457098
-4.0531980942949515,0.9721756924504252
2.5668950230621395,0.5594074241778408
-5.033633145181947,4.25813469921579
-2.33284335721929,-4.914701976724099
-2.124328915426262,-2.705293583306036
-3.858984103566006,-1.7170081265636112
1.8166911830771977,-2.1045738904922278
-5.273512200902499,3.5090980518926296
2.3072905122450056,0.556069855402763
-4.435502740888861,3.4478224707946827
-3.239866263870756,-4.243172852641004
-1.3896628305971899,5.297757779207479
4.38778852367929,-3.045504110081749
2.8966772358176467,-0.5876035697770228
1.6770136946768706,-0.3632722442136142
-0.35523489644362555,-3.9842076408311273
2.3444593774357045,-4.4286622124372785
-2.111800533817258,2.478912024222099
1.0218102283834825,4.994105492840121
2.6456651937010216,1.1033750596503158
0.8285985883686104,3.68214188274811
-1.251077444289826,-1.7512804118839151
-0.5525178782891367,0.49839133943733066
3.8502243100921385,1.73855379749186
-1.2882609712784732,0.8848362094685067
2.872823032951503,0.7895081418314398
1.6726970568418367,0.7549612729920299
-4.611813871438156,3.386971142593665
-2.011571946706667,1.2501341667853307
4.096529553488977,1.1793538280179583
0.8009239018717313,-4.571106804341075
-1.153652085265586,-3.162345502699861
-2.9762597698187716,-0.7405992888344335
-4.57407717559309,-3.7051912637290734
2.9546848333281277,-0.7906178981764154
4.964061468994527,3.7744308269397946
-2.514572743101044,2.894001235487317
0.6501482218512022,-3.612218651729093
-1.2918318759989138,-3.8926273437093304
-0.701209423548977,-2.3293076025507182
-2.970808638506666,-1.210428496131642
2.6635271318847957,3.987992784013655
3.722449727791772,0.8245392534661777
-3.1628882342620095,4.908089589467591
4.567354282689137,2.134992672509388
-0.5783112077107255,4.924052741732257
3.4558476914092298,-2.2063754391999764
3.95209715583288,5.152986747291362
3.909185703156429,1.1876253478226169
-4.015399587242645,-2.6661990831943245
4.988162145221492,2.5332351944986407
0.6922944975945609,1.2263778302918393
3.177170417682909,-3.399126360418547
-3.8265919974466893,-1.6088537819497557
4.322828465083123,0.5977376784503747
0.8710289293611517,2.324920915496995
-4.0939798226857045,4.286717568631089
2.666544411499255,-2.226483760571286
-5.215130003977312,-4.878435995688405
-2.55891240448119,0.8268741855508763
3.3835183348846725,-1.9430841480802872
-2.8979179156777883,-2.535884453938656
1.8781447860889344,1.6936972794927823
0.47582831846511303,-3.080544815200901
3.030223481195617,-3.4940965197026292
-1.1481094261173113,3.351000996637535
1.103121204856545,-4.91337473342288
-1.0633128755091,-2.1586493505531186
-2.2645114915577507,1.6649213015948459
0.30410920053911034,-2.0780344762480247
1.492041959637054,-4.204348897761607
4.255960262027874,-2.234552905383404
-3.0348547530786005,4.953631482634825
3.6016734292500887,0.6159454941561935
0.7792187442914396,-5.126537868867959
-4.527417052058832,-2.609887909598722
0.8809626573527851,-1.297786452640809
-1.1309261101999157,4.789558989389943
-1.310057402079906,-5.275964397757103
-1.1798685657045838,-1.6928046058766297
-2.87501657087013,-3.9866663477871542
2.5638617200457645,2.42449800538483
4.703623426152647,4.992744951493873
-4.7286900372561345,1.2602924353526472
3.993632277245738,0.8973831664660683
4.605521007884733,-0.5160327107445799
-5.255493408513353,-3.01750443701392
-2.0289640082663727,2.305905671655327
-5.035367777811027,-2.3412442645201708
-4.1264720396140735,-3.314341101627229
3.926804659571064,-2.3703870607631243
-1.9394845672307957,-3.199398824028777
-5.130105355935654,1.1132094170379496
3.4837831469132885,4.629332858185669
-3.6356765442947063,2.1333038568915637
3.1401359203009394,-2.1021409159595814
-1.149438382544042,-2.664944225833212
-0.8699039113446727,-1.7284991750470076
0.4361717837629408,1.7349152784196236
4.663721445037946,2.166569369010987
-1.7730920204165022,-0.864848446297555
-2.9412312741363653,2.4183808015985937
-3.9518144030979423,0.40363838299936833
0.6141252209492418,-4.765634258073699
-1.363981686600707,-1.4502481846101951
-2.2737417187122473,1.6827542584072683
0.46402196377082044,3.163357888689756
3.5680281589161025,-2.3657072034267785
2.2845722183754704,-4.488056647907981
-1.2283378857580216,-4.531485206523317
5.0283182524459304,-2.2571699563733234
-3.3989935185777793,-0.3678445059437349
2.141719791381587,-4.1963294313063
3.7876022464179853,-4.875844835486828
-1.4422235426473227,-4.109840468551442
-3.915995677681285,-1.5804057839657804
3.2984150523542075,-4.872700345095023
-4.111841224453975,2.0215578600370305
-0.39295649707129704,-0.61097350868823
4.616048507775662,1.508859100651793
-1.7154334624702134,-1.811991764640123
0.584654975176335,1.7064237290033415
-3.3794458431347705,3.4605540768812206
0.8127065014115129,-2.303093744149311
-4.760866752407533,-0.5698784534136536
-5.221539520984152,-4.618550035615174
-3.072129119583735,4.576029620011879
-4.406678819615527,-4.023642063066315
0.9499188695020175,1.856608372640671
-4.262554330582756,-3.8552825179387002
2.4134501414805483,0.9394569728294784
-1.1471164744999378,5.142436186730047
3.086565821867377,4.341317392191416
2.858818701712103,-1.5358510436738924
-3.09692092539194,3.8296294958070023
2.871294303215384,-1.6872864885138437
1.2843714716874433,-0.41783218016884066
-1.4716570060412277,0.3254199847058887
1.317846589609449,1.8708908901376493
0.8903938118593253,4.266812728932375
1.9990492040728427,2.8832529195518015
3.9356481000749577,-5.063617566181751
-2.489608153299468,-5.226291831628022
0.7674124332966834,-1.5459308181087235
3.7407915347019403,4.1015041992215435
2.902393898205049,1.4573386387672491
2.823701676620476,-0.5778406093860131
-1.0044028782956353,-4.483755373811527
0.7326756983734006,-2.494882059028283
3.8497159490247688,1.147751167906747
-3.2294925487444646,-2.931197260929329
-0.43136982240436,3.198118133869359
5.215301459375417,-4.026621180875593
3.5843395662726403,-5.251800171037025
1.1327322012176808,-3.1966463318054466
-0.6602262232231235,5.2362866023163575
2.711662194932539,-4.367436298479614
-0.7831806880248326,2.9348887973622837
1.2488218372540552,1.5575483396582366
-3.542256124732301,-0.8403580618127695
3.4965257742934446,2.7970270500248215
4.1901278821308106,3.0028208708799307
-2.9113489759552156,-4.294004730111132
4.892510417881325,3.5493354333408513
4.29789472155042,4.805087558236848
3.292436592947678,3.4660006488508577
-3.7699935993133566,5.256169419474033
3.7599497195062694,4.202131601030421
-4.118813572706299,1.1553231207700414
-4.162494624199664,1.5335654216736672
-3.1287144799444095,-4.505341167372091
-2.1011624827719704,4.170716611182773
0.8305411602691681,4.137585845572258
1.0343825139985363,5.132788276616458
-3.2120383393892276,-0.7487141764313059
-3.017575186495283,4.958923010716762
-1.6550952939448955,4.73378426368764
0.403333915344578,-3.389842282038467
-0.485592101378365,2.0397563436780315
-1.8169582297066944,-0.8398997982909295
3.129394782086706,-4.827777565012492
-3.7636769250362474,3.239560891498516
-0.7364692459479258,3.1078718466606867
2.309718686251763,-2.2223613128483475
-5.25306897254975,-3.167036926831928
-4.164987529637255,-4.524583750155033
-0.4767381843879443,3.356176716019685
2.8625390975547527,-2.35957616153958
1.623626313617039,-1.4619166787369295
2.6687559084996977,3.939657678019066
-1.3178718389644837,4.903894750522691
-1.337979518307414,2.10651520126169
1.7357910662470986,2.390837542419894
1.6853565842780738,-4.3844377055194546
5.176232446212732,4.1239301602978164
-5.047655388719597,2.6949181830833426
0.7437719955581585,-2.143671527381785
5.247601899492978,4.706023016096746
-2.365286152455395,-3.5385209895905385
1.8861136838829513,-0.4986822262497414
-1.7012691084306637,3.314060635409862
0.47324199309712894,4.2617872375614185
-0.35844036335651025,-3.8509252238248344
3.150770978774447,-2.7415658514818437
-3.9173752189641604,-2.3257969837525856
-0.6579064343277496,-2.884315008573491
-1.64987273968353,4.045592980814926
-0.41609006451986924,3.2101952517755334
1.1825727593126276,2.4874365760485935
-5.244719995817061,4.158866086197274
4.06237507182881,-3.4363456832778656
3.4893739086446542,-3.8573039990217355
1.2921173625219418,2.749868718509873
-3.599519201893065,-4.216252902163551
4.1338935925880085,3.668496344891481
-4.22281270563321,2.609019685253334
3.615941962803695,3.4737965599239873
-1.867404695757404,4.527460484091374
2.8356711084916766,2.835383061983687
2.098644644455443,-3.488652021104452
1.8400660707838201,-1.718760373265057
-0.8337452980849662,-1.0954263205899102
-0.5996226751947227,5.1344029813054215
-3.285580758293876,0.5723291159272723
3.64082135851542,1.657223888750144
2.988136849179086,4.565951078698171
3.2888671923105486,3.426602634098285
-2.8330599501518923,-0.4442414144732327
3.3082549054772157,-2.7361627943473072
-4.791507844552497,4.641989426396038
-3.3470827147991717,2.5064573847115943
-1.015604379597795,-4.758774533195396
4.843895949257308,1.9977914036619524
-3.832610488120449,3.9240924208022347
5.03860534950594,0.617782702373969
0.759573742620564,2.4696004157968554
-4.813247280499557,1.2315769583448912
3.113227139934251,-4.019119705437495
5.158327831279498,-3.5419787187102862
-4.794042214341155,-1.0671074138815844
-3.4848181951331143,1.57302525557782
-2.6382587847193535,-1.9940080649686196
1.0981278441092288,-4.104574804700195
-2.8223912796358217,1.4537735089286603
2.0353711240353887,4.510369873483353
-1.7762004664784234,2.3006372797053416
-1.1650009429030226,-4.263495750947861
-3.5820627223954244,3.2944936767178694
-1.4685293811794564,-1.8006083627606515
-1.7327227437245514,0.4936299777790076
-1.811062666435735,0.30924883428870337
0.5663616923724935,-0.9464368996116923
4.730915017069365,-5.155378442739971
3.849571115864193,-0.32361055672173505
0.5984820127535511,-2.4701048384913564
-3.1159811096283434,-2.133619298908683
-3.3389790812612015,3.1763400671161044
-4.9815350503969595,3.305943614309075
-3.504036013203276,-1.9148017400572968
1.2531027588018324,-4.036128448303369
-0.8689957615213129,4.287534010833503
0.8183063629592786,-2.5232095472625833
-3.154208091411012,-2.7532809758988392
3.179713587450223,4.955819532324692
-1.5128619660597293,0.7289101494749979
-1.248075220909396,-1.1302306645399673
1.9365192676006358,4.258942660909901
-3.0159133456536855,4.35531153992745
4.206865924182838,-1.186845814604083
-2.612680767851469,-2.613533843384323
3.809008021112386,-2.7886294743085243
2.854346101740621,-3.3540463636536506
5.218626717782825,-3.8883578599512765
-0.8275883053964128,2.835747023581166
4.798496301427126,2.617561796767652
4.21763511570463,2.898360703307504
-3.7206735902339068,4.5422324293366865
-0.9210995772535269,-3.813045948485125
-4.970981921840676,-3.0625499606677615
-1.2905801457963435,-2.1689280757993252
-2.767487394568133,0.5523305068897211
4.1034650767175505,1.5963260230056904
5.00888039081769,-4.045764189485328
-4.786578168817194,2.252534032440587
1.2540112777181875,-3.845398367036637
3.9963868872872323,5.156173290528707
4.223981919003637,2.0287883938472673
-3.895606730533034,-4.592048072009581
-2.9330513515400067,-5.1304676664262
-4.182235448809069,-3.36785049357442
2.465501936737546,-2.238563511876378
-0.5271975639203579,5.143521291612729
2.2245210868104293,2.9464793353833603
3.4485462895824037,-3.216606615410222
-5.1225516826971855,-4.135215170767315
0.4360876532882429,2.649354459733485
-3.4547161810889144,2.6123155807181755
0.8336210590138811,-0.45791439879663026
-3.3258605902190137,3.22216073642056
-1.330222187961809,-3.009265112576766
2.307119233294724,-3.9547437400407643
4.052827445291297,4.483755180104272
0.8108683082100907,-2.2504789408272723
-1.3534513410528632,-2.2948797542135795
-4.438340567876516,3.0245337131739642
3.1421123044308343,-4.287983913618195
0.793525934498047,0.5462680518393281
-1.4804356553192786,2.4324883894735
-2.21446569537258,-4.5908244195201595
-1.6102299656966632,-3.7441611912452095
4.614086034598306,4.381201386713433
4.318722921803983,3.1093391213968022
-4.751308450025475,4.3933171919787055
0.9261291041493547,-4.567096793349778
5.15561984201863,-3.0091301970081115
-2.6037098328524206,0.6785945322050566
2.4428867631046343,0.9412232160081724
4.014367045402696,-3.2027014005902394
1.390302444738045,-3.823572435588076
0.8039139726103735,-0.3346214001484384
3.657814543920005,4.019857164753888
1.3660724867418816,1.1752574860993825
-4.367364272387533,-2.172080323033336
-1.1015204354685502,-0.6381641174079598
-4.575160555773576,-1.3173250831069858
-0.8692365354781961,2.6752079986891895
1.6128072706983796,0.5715879593818898
-4.295407293288023,-4.07777598962852
-3.005443918436031,-1.2985515425338694
1.856862668161391,3.1381442731794538
-0.7498721326462816,-1.6319863447568246
-1.6755575001753285,-2.9798403511276437
2.2798407326821764,0.4102649519243819
3.81678462728689,0.30343276637229105
3.6234547920543223,-3.6084455288875135
-4.763606947256606,-2.796968246179655
-2.8402182465968115,-1.787448052420839
1.9154308022008604,3.5464790559240145
1.556475193579143,1.317047534811698
2.118893670571669,3.0817040634315394
-2.4961710911118313,2.2351644327971982
2.298275066059193,-4.8752541673510885
5.2200992489932245,-0.7663212503447465
-0.948311551562232,5.169290802808365
-1.0683729108148985,4.365369784981138
-3.145252227239597,4.861293367650746
2.5521583879809135,3.5628569051894603
2.95848326201146,0.7333667454934079
3.801001228644288,-5.0536547509772465
3.1128216372936395,-3.5035434542516537
3.4195930608717715,4.768002038113642
-2.432604221493337,2.6038562993647947
0.5790905746648864,2.079621966247493
-4.456745148077019,-3.4357561213018935
1.2559131310954268,4.435020548940289
1.968396240051929,3.8819854777004155
2.7444939956058354,-1.9053216834570341
0.9420464602794845,3.2351806694981073
-4.209136259285011,-3.8692265865528723
-2.465909315941885,-4.235459142376237
1.5599588078220787,-2.586909514978675
1.624425840135266,1.7353114591147032
-1.9117013979231408,-3.5406893046674344
1.7800154838457145,3.560609752041972
-2.5648443762883826,-2.284600926402807
-0.7377488456741299,3.754086629058354
3.728246744913588,1.814539108272409
2.233331226300023,1.423607545540942
-3.1796435777631835,-0.45917872478268434
0.6308703969266836,-3.535221226862604
1.8434983211130007,4.205963475804281
-2.733246052405169,-2.173096367752469
3.354153968772219,0.5303863460782161
4.112519046255865,-5.180192268457036
0.47779342514000794,-3.1809402396492077
2.6666298720878654,-4.598044071492786
-3.050448353038386,-1.2031352004499347
-4.289494318796009,1.4200820725250474
-2.0060758012288176,3.8564725019900292
4.92419279468272,3.1487463838243483
4.661263856663422,2.015125532228949
-0.9841639256938939,-2.0238591535610113
0.7700907896237796,3.819078168543135
-3.877096117250221,3.150903001889577
-4.717492815954316,-4.09974440093931
1.3531229449180702,-1.393751831012054
-2.949114307867799,-1.2731347840481544
-3.968131205625107,-2.8796766039712036
-1.113094555224616,-5.156242909763839
-1.1206854262494537,-2.0582303183331305
-1.476819044091256,4.626278558016838
-2.975773614082537,-2.463807692486541
-3.4662668754689028,2.4369274148303637
4.680463135035077,-4.655321914578568
-0.7833874307404385,4.937820895414608
-2.7788091555960808,3.7374822823807774
-2.7742190246741076,-4.291672219480603
-4.742515241193488,-4.504373408967993
-0.32090274581966866,-3.0105795491525917
2.894321942549385,-2.492581635134968
-2.936699194042232,3.0285464580785186
4.93906256526403,3.1109550651838243
-4.008773549219275,-0.35912980056613025
3.7401678962882103,1.3865947095972804
-0.727375079454988,3.30328866674557
-4.803875947751432,-2.6910908310012522
1.0340181811195042,1.7816272702872322
5.068780060794102,-0.9110475730130949
4.387236136690743,3.1789354009767026
1.2993536486070092,2.4712481695573905
-4.146271772992735,-3.2239490642811024
3.10038763648556,-2.6151475079109927
2.9690456622692567,2.7983520213272497
-4.731166803755734,-2.0027069160544446
0.4832276354910789,-3.1685987084635387
4.374397267897849,4.9461756759899265
-0.8018432108156486,1.5591666999942408
-2.1375726347022312,-3.084336025838553
-2.2827963067085317,-0.5086631346566837
4.189838856051625,5.278636410050317
-4.154589126057324,2.353793406470233
-3.236488953073055,-4.50520114705787
2.143515426869217,0.7216508726520161
-4.754967745468864,-4.887173549991917
-4.562566207883427,4.703868873306255
-2.7664234591612367,4.051850679360185
-4.97912942655775,2.314444634553367
3.0695945964461764,4.856395082327956
4.104382711712776,3.330822576525212
3.0199816224802314,2.1065788029871753
1.9745713668173484,-4.351326253919209
-5.136429950533735,2.072126815835544
4.88643490387815,-3.3759527579911803
2.756774627744118,4.438551750569176
3.86283360383191,0.6113585281441118
0.4923983500654103,-1.6034185066882054
2.2795104575797795,4.1819789289294915
-2.824118955185317,-4.9107704835765
-3.210589768597286,5.064046491710102
1.8969754966570884,-1.0458563051242742
-1.510345523765196,2.6094175687260703
0.33113760478457904,-3.8610140517327336
0.3858612304736139,-4.566667811350101
3.947825704854105,-2.1895033111294033
1.2668906786981744,1.4110868413593185
-1.6550374802079746,4.225553809537749
4.63751476700372,-2.830894566364229
-0.8308546068613316,0.3099831731016504
-3.9717968653471196,-1.7181202726394924
-3.4553884564744557,-0.6925767361598976
-1.6437811228361874,2.237052960217402
-1.6822586933127692,3.1599421503899148
4.946199459457518,-1.4418815671724936
-3.8272913965854753,2.3228143312849454
0.8611150940976471,2.5356513712690605
3.2255363816791904,2.2484728387838855
1.3743403360191693,1.0888027354847545
-0.7964634595488305,-0.6288092244370376
-4.995700425660743,-4.94813835760261
-0.8889966108609066,-1.910578217063038
-2.782043640568866,1.9233208272394358
4.20428152138309,4.178013410771304
-3.028534805641761,2.4048570554204884
-4.462700527907244,-4.927272700150638
-0.5553248750416266,-0.5780424553230674
-3.2350064063715185,1.3008531760430995
4.128637665537277,-4.14941849020896
3.283668829178186,-3.723576351148598
-0.6814182290450097,4.136398595533152
4.973334299878583,-4.748984882211453
-2.65267061689127,4.956761779313095
-1.0442212102473898,3.790553549427206
-2.179639055538477,0.6288094405261273
1.2350605940083803,3.8843551601480444
3.2404565335558813,1.7554192310602013
0.34463851596895995,1.0839713194231735
-2.5452745598955224,3.377843865427349
1.0780249679194205,1.2476181663028403
0.6304999849319739,-4.706410869541415
-1.7557352589627249,3.4028728579707925
-1.2164535120067115,2.6327259239709537
-2.9849493507265152,1.9683043637719966
4.487714953382642,4.541390291238803
-1.5679833698992216,1.928211244452416
-3.9536021777382886,-2.5794940506403092
2.3288789064849134,3.504551171120627
-4.832253301089505,-5.060295236060463
-0.997596875211187,1.8336443147451835
-2.10966397961547,-0.8142268959503751
-3.7011816513542435,-3.636675906556566
-1.6527398645763347,0.3545244567183003
-4.014533872082577,1.711027765286475
-2.016552609110857,3.9798164388803743
-5.157157638778854,-3.6695964918460193
-2.4622676321920816,0.5674746320248778
1.8048724544622818,4.008776172933115
1.6195595775738536,-2.9382690137823895
-1.230652523133519,-4.800442827388802
3.704825314541357,3.9405464309250045
-1.4245671245802047,1.6375611396534906
2.6584984524405213,2.4673407611508056
-0.9310455960169846,2.426598763255866
2.0809754535750935,-3.2620974168737322
-2.7311589576385504,-1.131173286892013
2.737947813581539,-2.5509388087909097
2.7047877197669825,-0.9093908456888598
2.3355044113766157,-1.555605917500573
3.8883601978991953,4.615262178270583
0.6160117392292908,-3.349958713462788
0.8593841481487392,-2.7026985462308026
-1.5362091583514423,3.3297838740134518
4.9417977041523935,0.3734977113676569
1.7517452786990015,3.5710685259241943
-1.0976231759304567,-4.10024768907755
5.1621215518359636,4.411582473247321
3.152490460053891,-4.6630182493985055
2.1508157217718358,0.8674173767865077
-4.016702501664449,-0.612939926925214
-0.42524055888429063,-1.2208857567528242
3.5185619658007132,-5.252158233312347
4.770689203748938,2.9019691025550003
-1.262961692042045,-2.6807033558725317
3.8367436541861055,-2.4153485711239258
-2.359409161086422,-4.9476893034395895
-2.9534116156968864,-3.340258911877452
1.665995560693171,-3.343467705637013
5.185802851475841,4.766979658157127
3.4494171613042672,-4.8548489767081975
-1.6771397744900305,3.9533517300936234
-3.9604389512816547,2.8365660826924097
-0.3990283875107263,-1.9022355308006518
0.6608193955617987,0.6694910328331505
4.728389011392289,4.607241435416733
3.87124189209507,-2.415420913167435
-3.3569624124345294,-2.7994436392449327
0.4183530833443367,0.6334280878264995
-4.894985496568121,-2.998210789583837
1.1859792520003272,-5.275093324956965
-3.381701685192631,1.9151314023345904
-3.2016836518347542,3.591736604897206
1.4428419078741872,-5.090504078326705
-1.2374952787937572,1.4507772372468326
-2.681862418325654,-4.616980945814817
-1.377410365230037,-0.3551859740779559
1.098845087270447,-3.303589910242482
-3.9165515643921998,4.370548595802133
2.7625642616588744,-2.0391240022216435
-4.090837075057572,-3.819010102936688
-0.34926353890509815,1.291981153027842
-2.9056777900413104,-4.920365851935254
2.61281835649293,1.522753754213378
-1.0649709804191032,2.799763094645905
-4.612865328932797,4.431686516753534
-1.7013387175111225,1.785299946964636
-2.513689338339187,3.213669680019456
-5.052630119401356,0.4348535525080665
-3.9956379641969915,-2.7080100701728567
-1.6790207643305932,-2.723702777200761
4.34990003884825,-3.7204685234727193
1.249125682397904,3.7090509489355847
2.0613563568607427,0.7529011464513922
3.9664634107628425,2.370597928347581
1.3077048186908773,-5.243859838616697
2.3749464524789072,4.906882706888335
3.5696760790307485,0.30741825419951424
3.6900783074416106,-3.8410664779938037
1.6942722737108051,1.387393511427596
-4.469214935836254,2.9799360238759354
-1.867565683681452,-2.0616449448129566
1.8576654949234845,-1.7207460403311956
1.7020145556109443,3.6875081311328293
1.1418141141996536,-3.9825045243300146
-3.0641851631894186,2.5362000035055363
1.1637483177683416,-4.79155561743779
0.37595794281096245,-1.714368804392816
-3.149445609750506,-3.975137887211738
3.5406080364820633,-3.0807469909250704
1.3987624519872892,-2.8837257631184894
2.668518597737976,-1.6217322441083832
-2.605429398089674,-3.4900596769243224
1.2030741074538078,1.5034779909679659
-1.8075064143174011,-0.8194883025756259
-5.05564972000619,3.005046046417971
-1.4573865230195626,-5.223197129798736
-1.4552384696759886,4.617829775787089
3.4232592007431917,2.3396681756259667
3.944875643043315,-1.5282408926526678
4.1714366550532285,2.2743871418299753
4.556946253738658,-3.1336380782747493
4.671087096068363,-2.3085473867520783
-3.129092795562186,-1.734036579387814
2.064111914503319,-3.333076163586684
-0.7436067084349365,-4.38926292686335
-3.6619942117414643,1.5959924474780156
-5.1931643724258505,-4.549021242981249
-3.9735601354080012,0.8111574174245091
-2.402002333155038,0.6318422956603709
-0.7808294734119825,-4.38300780806682
4.7121313608765005,-2.656002101688068
-1.4998584819954293,-1.7797733812944359
-3.547512764257151,-1.5953168639752324
-3.2336138899156026,2.609285903848952
3.224678732925465,-0.8900123979030827
-1.0750263423107473,1.6981727984339374
4.215018554827364,3.633601666236415
-4.177314341011555,-2.8497744432896237
-2.2278782981921257,-4.769185782266919
-4.557689678034145,5.187211514031243
4.878443527890412,-0.5198403993858538
-3.7210227215142018,4.88386173795421
-2.281359686268993,4.775761664810742
4.842716978308263,-1.7168466262229087
2.1887288558812896,-4.336040483187242
-3.391972895486201,1.4182780433832634
-4.8941058941993285,-2.9320403561787107
4.074576295674096,-0.7746372949923936
2.050919017110207,4.872153292506819
0.6804915485209462,-4.950997676160312
-1.142480304058367,3.406214764990131
-0.9048369401342964,3.909891304431997
-1.333650839993511,5.2889677511629385
-2.086781466368067,1.0318683619929765
1.9439657077286088,5.02679892658596
-2.9380433718264225,-0.6446376719830529
5.22743726123822,3.6692677019036095
0.6242861669487285,-1.7732322225310677
1.8796954058958957,-0.8746162617928965
1.2557801237936943,1.6821350894044313
5.125166452968428,-0.9131952467248727
-4.82653370978214,-2.8172401447586677
-4.853459645508782,2.049119598159911
-3.12091176596829,-2.953683235063051
5.20921061773507,0.3394199967755435
-2.0379562628883137,-2.8263077660081644
-4.597822940034239,0.9287226973493878
-4.834575555958511,0.6129260486988095
0.9597924051598705,-3.3864343172286144
-2.4788553605042694,-4.244775761085684
-0.5134900426876607,1.6811819674987059
-3.1819736962949072,4.296483153820128
-2.135017577287412,-1.3106065662830588
-2.962814804283,-4.363741120894915
4.039608921620792,-1.581719032522978
4.933779318858973,3.788064766282921
-4.255263450634564,-1.8219429431762222
0.5289083348339976,-3.6154584360754454
-5.239701994994129,-1.9479517493673246
-1.2472392960892107,-3.4839446001422063
-5.291316205788769,-4.697334615920952
-1.8381467946940007,4.226809314693685
-0.6349406340431962,3.1908747851864367
-1.6476712525154589,3.1815577971180184
-0.8450561843749516,4.341685662320169
1.5324419559895806,2.8486484039488964
-4.315449155458589,-2.803973255349132
2.3076094880452462,-2.9727209736843623
0.8400598224501385,1.4721651187551956
4.198376854869141,-1.3742470297396603
3.1382841441267857,-2.9995254463809156
-3.9936084391416165,-3.5914143655322834
-1.9752395238744713,-4.9078320071701205
-0.30197418696594375,-4.821666440442894
2.13637848218697,-1.9034430190475622
0.6707513905190681,0.4896327222987262
1.0332688116046846,-0.4135377539519364
-3.195020981937483,1.8756592180639189
3.480088155294582,-2.9724192231782216
-4.7192035028641275,1.9933778700012506
1.2923862524905652,3.855190315709433
4.718029858744235,-2.840325750591039
-2.576196068983658,0.7471215134890763
0.3671687251489441,3.456742774454457
-4.375076455651537,-2.5053519270965237
0.8219613194591908,-2.6387325618717004
5.011184447756993,4.637785478822823
-0.8573689253325985,-4.6481576648040415
3.135727085835896,-4.156046626731615
-2.212700473880344,3.0691593717718195
5.254705987484425,-5.1846003389031905
5.241248313004292,4.085872664010371
-2.375183410859753,-2.660254152966016
-3.4091718610930952,-1.061055003757015
-2.429824184036295,0.9453106746688669
1.0789724371260532,-4.320001972750914
4.84727701591459,-3.369532299771164
4.697808116710273,1.8546398337962142
-2.24308020280155,-0.8255915458978278
3.1611143526137075,-2.6881105536229137
4.356742045903563,-3.0936859402859493
4.102816448311072,0.9728945957416884
-3.704087562171254,4.869983049795963
-2.584241455648115,-2.244115875563618
-5.246987510214154,-2.031644736109903
-3.487751343186643,-0.7237304660244803
0.5655161590129387,-4.287243186359709
2.5121480892752563,0.9741966638927242
-0.8512559034016445,3.093914125480304
-1.273461736799937,-3.6191504440064524
3.152426329995743,1.7132420175686793
-3.2993001252379535,-1.2403677413221568
2.3402359378661304,-1.6965470025635907
1.6123197310843846,1.1745162175500063
2.8336884517501337,-2.952951075476496
-1.8234770337237813,-4.773426191138867
-3.097164736501263,4.789761177046789
3.6026907788056617,-3.3073792758044283
-3.9921643963868467,4.308969235166852
5.134716529603973,2.95961071882573
-0.706198527449031,1.5148128954541822
-3.1491474665207013,-1.3555920400449868
-1.9948647758811442,-1.4253683970145732
2.7140371520500004,0.5483802616027476
4.887515573297725,3.7261149497358863
2.2357411116544688,-1.17273676333729
-1.1442658692629444,-2.085557802532942
5.256107237138637,1.8065100506265763
-3.0815246393647584,-2.0325140332504827
3.1065682208418615,-4.344560565533707
-2.1992439989404415,-1.6778265411221291
3.6683427016580383,2.1671029285486396
0.3561197768696875,5.003094228292791
3.0727467962747914,-2.744441000253908
1.9050109582148933,-2.1384733720007008
-4.361079558821134,-2.6743669109877537
2.015587721942504,-1.2377995576466791
2.314111975654627,-1.5614924826514984
1.9521270093699716,3.2645900470362914
3.401806384969656,3.2825987497593188
1.176717088659448,4.92774393712554
1.2768389226992733,-2.6529368653180625
1.8350333461288602,0.5706561006526105
-5.004808116780066,3.6716606212122604
-4.2573553588963495,3.7859784356510913
-4.604009243218161,0.3720070080806332
-2.631003499987748,-3.7629280534369576
2.723514460026318,-4.1818499205968
2.707812104215364,-0.4990084966667176
-4.6975701941071994,2.4515283769800424
-2.045242818108803,1.2553792313319543
2.102214623828334,-3.900457190366304
-4.758446880399754,0.7987666760764667
-1.2402435052234442,0.5217266726673915
-4.7540375644198445,-3.8262713384306855
-1.7364935439682492,2.9051383742832355
-0.8982887015719456,-3.889791035953713
2.6009737709432095,1.0233055147645376
-2.980761454431116,-2.117065609114964
1.9715545340553586,0.9364491619089528
-2.885765961357964,5.078144359087022
2.294819533309002,1.0683470442981033
-1.8755787732077331,1.6200459190462235
5.231885384246161,-3.1988371031783007
-3.5356957639811033,-1.9982486583626733
3.3684393211144164,3.4301026825743746
4.639446596096394,1.0760641993042184
-4.052935500516421,4.608110131117203
-0.5765359373187346,3.859540718292112
3.4424214576571623,-1.9466094450053213
-0.39372269262356435,3.8233390378619037
-4.614674596871779,-2.8120192324814806
1.1246514768259372,2.9913126608238487
2.263038793419205,3.2482300961981148
0.9723224407916302,2.779266896476307
0.6631608686481141,0.7101999386328111
3.13376167087383,-2.147723091228057
3.9404068376980463,-0.90765858877628
-3.8667208649588676,4.483826295602358
-3.1979501135294637,0.4468757340726965
-2.9615492872382863,0.3037303924442442
1.285475477909601,-2.6782115511649924
-4.661538680281006,-2.3938842284262325
-3.3449269913771067,4.674405317552773
-3.8545791815456028,-1.914023911056596
-0.43034840887439,-4.006164713472443
3.1519890134961726,-3.669909083118281
-4.386386663491326,1.841271023606047
1.2233791960037916,-1.2739716428610717
-4.41207487198852,-0.5159800374383867
5.032715536781594,4.457239149349504
2.123820669221576,-3.9166754260724197
-1.7212490128498887,-1.6685036529137227
0.7793106539107157,3.230539601300209
3.6529183126529974,4.7882106628851675
-1.598635434830299,-4.408015679008244
5.021883375825326,1.1451408050942444
-1.115360835220571,-4.095259476191473
-2.6936237070613904,-2.1114829799513517
3.7441791309906103,1.7741589383848908
2.5213492837400446,-3.1367006743918253
3.8646592301086455,-1.0212678581400587
1.0972401538191943,3.985931645724544
-1.0189298034444978,-1.5381599592325375
-1.5541743256393479,-1.2946110024243176
-4.144657965756237,4.139722786837479
-2.6786295088666185,2.0740546198858
2.6452123356098243,4.522893319420942
4.233709718984964,4.380117226163365
2.633073686562227,2.112840159135512
-2.8873337551003413,2.51205711096641
3.337809266321927,-0.3708611994235202
-2.938578737344712,-0.6108500941686421
0.7644559533920312,-1.9417075314017895
3.028839595530993,1.889117875289844
4.005648609073339,0.7588605473344929
1.1685288778492045,2.773828780170506
3.718643728018102,-0.5685684910818101
4.638447426402027,-2.0237267151372382
-5.2651323874558615,1.6329208353991016
5.226330895111238,2.5211144137250434
5.15722865208038,-2.7390167697628947
-4.2579434254559665,-3.419867608842901
3.198433400347229,2.382621845775007
3.3751515602745057,-4.170147080334528
-2.1474868150477295,-2.6305681658684894
3.675250968439431,-3.847210179574256
1.9101228035942246,-4.968037868283713
-2.7807023841182783,0.6748965415635937
-3.777340138686159,1.8843772060598003
-4.540704565026005,5.152407065680669
3.4352113696528734,4.08430591167073
-4.526239607729498,-1.249238924135437
-5.172867469702239,1.5724316808705174
-1.0752654590894812,-1.8167198011293106
-3.48844410766241,-2.521021506099311
3.0696513045314733,-4.28646381257837
3.105902520351628,1.6893353981940316
-1.4663522019790418,2.40397183443309
0.5355509560933955,2.0050373905635164
3.1137057609103733,-1.0081281769749133
1.3877680426507732,-0.9211456360962551
4.592223378841717,4.0159419172664945
-1.6132867104904156,-2.8206367791774953
-0.9114633633285119,1.2831257204491557
4.560120402839879,-1.312189319173753
-0.3086937783772889,-2.61321071943118
4.956857371340244,-3.191424457950291
4.3968886594367484,-4.067209348453155
4.405459975412174,-1.7297363558406385
0.6442207636946569,-4.597460892096359
3.2133543342856283,2.1410075776683497
-3.9630012987312564,1.8755150315416576
-2.58863993883293,-3.123878302345941
2.7296400989179306,3.8342791811292978
0.5047599289669489,0.3611105483348053
1.6883083541005768,-2.3809086518482965
5.1350153515053565,-3.5873069453133564
0.6035504196254255,-1.908235908924808
2.5006492617447824,-2.7265288349530965
-0.9181368903780271,3.6459146179445403
4.13939878478305,0.7954688716539497
-2.8480348906005597,-2.1788221824362326
3.643437111482604,-2.356128353507285
0.8859080810938746,2.9700587835885743
-1.2462190765748542,0.7042790234875158
-1.6879508887546264,3.0833211692300546
-2.4557258114014333,1.6974952521087723
3.5720866044828705,-1.5208590156640487
-3.747656901449807,0.9465289370311993
-4.889764039257343,2.7578300056057596
3.6419847612869107,4.3525315410362415
1.7383324149957808,4.676475145242313
3.4670340157025548,2.447811528892866
1.0714109520863444,0.7366213091017999
0.7033946965269255,0.6524448864127825
2.766732933619134,-2.42815810253372
1.9997083887667861,1.7097934334347606
-0.7936016438936051,-0.8860009029653189
3.6345949395147903,-4.239688768726371
2.554167457910392,-4.598483676405955
3.990821975953387,-2.367923329224088
-3.1065308856171967,3.1727053181821807
5.097152147946118,5.004574727695643
-3.2183041588030834,2.156153774789538
2.6864722457324364,4.036931799289484
1.0518219670335516,2.914279868854017
-3.9369127476266415,4.246514423843299
4.697530726266868,-1.1775699057170306
4.562597291076279,-2.2548902978212455
-2.9153717538134756,4.932208001986145
4.763624494798662,3.7210990659215843
-2.5507899288084697,2.9356955552493886
-0.7819135739990435,2.9236399563518303
1.636834357744941,1.0526374872180313
-2.051378016715863,-4.957515591660499
2.6150363802775844,0.49378877890304657
5.149060537450974,-0.9875536293324159
-3.6693390399402754,-0.9564342828644554
-3.4043320687671423,-3.6981043262165656
-2.791937606253539,-1.5088300129088668
3.569308788880112,0.380400420914442
-4.8268374994923064,5.247510792857793
-5.242114896116175,-2.389119665486744
0.8186814524818653,2.6749472518817194
-2.9496567277320858,1.1593181435567799
-5.281454211682119,-3.6921069963704642
4.480771080659728,1.9252224687650525
-1.196641721085981,3.316713284557408
1.0287920965545123,-0.41776057211507317
3.8464446994242687,-2.1864238621998915
2.7385658340393153,4.901746371208968
1.1305851970786736,2.7048984518362724
-0.7871894829870805,2.5797627432329335
-0.9262147847807001,4.727433289934697
1.8125203835753398,-0.7182048738210753
-5.048042719639393,4.857449134049452
1.9938250359572394,3.280018420621545
2.8526176808127364,-3.8712421427178
-3.2338223999243736,-4.435785453588221
-0.8268799641217284,-5.068744511107591
-1.0366066756916752,4.059059765601092
2.003608351295469,-2.6884151450201514
2.45520187923161,-4.520012829386533
1.2293465324345363,-3.250750201386871
5.0206488460604595,4.130911752254014
-0.9108125808681493,-0.3105361244564346
-1.8749690955883322,1.4472074491394313
-2.9225175688401457,2.4636987006043993
-5.087983038759006,1.3652187822109536
2.660640778195366,2.1579438004249205
-0.405387492784736,2.861425790554457
-5.2742484548693085,1.3466211684610443
-0.860969101063388,-2.352345342391568
1.915049572486086,3.1291221004002328
-4.740535915735763,-2.4361619179986844
-4.620699705542683,0.7558255784754373
-2.1156172769956187,-5.172868705313476
5.033762947909344,-2.392340554709222
-2.057220049040912,-1.7239782119088318
1.3653093378816525,-3.1815090897873404
-5.011177714267155,4.0798317319942905
3.61633728848586,4.794095999389323
-3.3274726259009917,-3.5451984120966658
-5.21593278876053,1.7061487441495224
-4.271806605752087,-0.8013064912575472
-1.6752695482391344,-3.681698267844113
-1.4668138086154336,-1.8381438434070614
5.054830047550859,2.0953863411336267
4.842402931141412,-3.8891977574257925
-3.5734095055782107,1.4453219090727194
1.1577506542461988,-4.532547110764917
1.4666066897587655,3.2732874681074735
-5.180413897854387,-5.239566403183685
4.462738395714816,4.8283860437768285
-3.004100866720833,3.7474016956070537
3.725302713860116,0.3002666428196454
-5.089308453433982,2.3632310087177117
3.2018599003752195,-1.8571064135877358
2.802142933879625,2.2301024540610888
-4.549424300163932,4.979679874890556
0.9502587364349868,5.253383635068912
-4.516445182007855,4.246961977776015
-4.008591688843377,2.1067403793759345
-2.9525954772726513,0.4723421185892091
4.559999465761519,0.8083842709914386
-1.5122800134330714,3.358125044567692
-2.905243697418057,4.72697445755039
4.926862705001732,0.42541972811369994
-3.641509431005407,-0.9085608651543222
1.7623032193557242,1.9281434319464712
-2.0423017572869324,1.2246738251412765
1.9217482096647907,3.2240722216578943
-3.9788726787644544,-0.893267534320324
-2.140044687825392,1.7733783466723871
-4.8597522130807445,4.608178748533379
-4.911774840237154,-2.6806833246313406
1.4296365620076943,-5.015366682597818
1.9028805956992365,2.5473022577982976
-1.984203463733076,-5.116737019266806
-4.951873232744858,4.131909672729818
-3.647176345666538,-3.388218591088129
5.085666540820834,-3.981642702797967
2.5149117951655677,-1.3720794696272696
-0.44324092387655617,-1.8180082397831339
-2.9587157246466873,-1.3102111144917947
1.8728259205042328,4.638510840550707
1.5225531611927663,-0.6663308701911348
4.011539235105874,-2.8642420740771164
1.5497981448654816,2.383021088176168
3.37018418399406,3.7215687748334103
3.83249445922909,4.245308407477601
3.3616789629701165,3.8558339065957563
-3.684003626536721,-2.1762160261424484
-4.11363606558651,2.8794540287791612
4.810898549215644,-3.7558761852003224
4.698726698831744,-0.32081653671297267
3.942509454457247,-0.8515076652537721
0.6918739363635489,1.8262711071220175
1.8624077295005412,-4.961432128199463
5.242991839611322,-4.601774106727686
1.8492451327270232,-4.086390008143861
3.9280425157607413,-3.474292513843484
-2.6488662666831635,-0.5593526187869824
-5.097709857585079,-4.505315605122784
0.975364989602107,0.9363524474641214
5.179811258595421,-0.35174660313418044
-0.8634920820663068,-3.10202246642407
-2.7138631421053234,0.8681673355817889
-1.1317720437098224,5.017312267501338
-3.05290823952616,2.1403967194504467
-0.3932399847972176,-4.706349516237319
-0.677849615954883,2.25915477308871
-0.595593917088568,-2.5507429075506023
-0.6042108920461644,2.793766175618617
3.732873750421123,-4.808118585383204
1.437890981018055,4.007404452923143
4.416663772176961,-1.9195003659508203
-4.7855036383173495,3.3435275076599753
-1.9282524292399248,3.9234222926317086
-5.298360547315724,-1.8819886080011134
-1.8982832177295557,-5.274367255829882
-4.483550981858045,-5.246265207948014
-1.604864604423214,1.6065486415608305
-3.5967970078916696,-3.942232043616716
-2.0282006309111686,-2.388158068894059
1.15226524762024,0.4535997922017209
4.292877919790009,5.00471111505811
1.8937095872887533,-0.8316678059196347
2.295911653041135,1.0290771249847694
4.541225200380397,1.2336000231112287
3.48891605079491,1.7768761832697415
-0.43558096279170505,1.0223041070099115
-1.5192058471218293,2.3192326603472866
-0.37905735386121914,-4.676024315599757
3.851988369480705,0.4077663822281485
4.383105160940352,-1.625981312228457
-5.1717251892883995,4.2109384222155155
-3.501704378612394,3.5545181137887694
-3.069473990257718,-5.110224202659933
2.2392570881205494,2.405999536776519
1.1661024702981566,4.800011156494823
-2.6170114880943434,-2.156688464181565
4.172230852048918,-2.8902054340464463
-4.713403917164783,-0.5731798889293123
1.5739511521490608,-1.8827525066259538
2.004392843822293,0.7983755983745529
0.9220166853572052,-4.8917529491765555
3.8753153813503163,4.919532703997951
3.217811458732239,4.066681808477326
-2.4448411065897773,2.614705048551511
2.326938875857107,-4.764808914818359
4.650995738925517,5.058153934081257
-5.148180453208974,-2.0127737550333675
-1.6967595488857954,-4.48088336581304
1.228651984715069,4.197304961174466
0.9397294098693696,4.827919103157574
0.5850121885815371,-1.6131048777896437
-1.4685504007312387,-3.195892317255214
-4.782151328310275,4.271143098798421
-1.604332600328678,-3.023895718847835
4.128145921113416,4.6774176533905
1.9836880658698208,-3.6884262364674
-1.8461863052463732,-3.440161677077846
-5.264325371790947,3.2320173611512386
3.0232495338573164,-5.262691402195361
-4.927426267176494,-4.973533955270123
-1.9444927140451516,-3.826952141940013
-5.146414532943495,-2.193993514537829
5.2072339251606925,5.139725637057077
1.32186766072614,4.941068460725238
-4.880419838688222,1.5330545747217494
3.4285913458160406,3.5485441849814707
0.790852461752608,4.805543680109914
1.2734369877266112,4.315027779047576
4.353003718931228,-4.11121271641761
-3.9924887854311635,3.9018125503339247
3.2307534243813505,-4.719825457936424
0.35312959696778207,-1.0135768889462071
1.7223156671560391,-0.6470906729803645
0.9371720675156914,2.5080785642246672
4.813089624588051,0.6816757192493894
2.5371319732781243,2.0506867774289432
-1.063326232531644,2.7375373278187967
-4.43985348766807,-0.504770441412947
2.1385398021435345,-0.9710417753529443
-3.978019166364038,1.494247365483312
1.113735085002322,-3.2344634036314552
4.69573843016721,-3.333091518235963
0.8454206699791602,4.656012117633895
1.8919458750416667,0.6914694823575414
1.9100202346603183,-2.1622139115386894
2.180573960723435,1.9849037809102728
1.4274784978862949,-3.947365471189856
-3.0696882139602115,2.928519350090662
5.1635314081305905,2.510269254804947
-1.1066730615141254,2.0336498839676844
4.651448919950227,1.75592948600979
-1.9876468868179973,-3.5001075137891506
-4.7672596160508265,-5.220105983383256
4.479421629995509,-4.012646237745705
1.3733032853178504,3.634473447861825
3.261780645887902,-4.248568759092803
4.655609576970472,4.249241980436968
1.868824754022944,-2.454580306988245
-2.830572955295518,-1.2452908326855756
-0.32940199335271564,-2.789036811627886
-0.37403328903256766,-2.570144749882447
4.209137714622124,5.024931482070641
4.4975754906489,-4.671536102626968
4.743307245144904,-3.9561252136198806
-1.0429677944388864,5.160439886177374
3.8047610318303073,3.0288416101382882
-4.259389411318942,1.3709067243922475
-3.4144898925294815,5.186922876110091
-4.760257804688786,2.307907023980232
-0.38246270460927273,-3.1249772524912283
0.428387679532576,1.2679272049597643
4.841404564191207,2.269714918975729
5.296672746181202,4.0882175269692125
2.0400055195248754,-3.716521915096239
5.060267041050921,-1.9327533788836002
2.6380857154160626,-5.009062478279014
-3.625595305773162,5.160664020175187
-4.153635095218175,5.02877678796215
-4.971512916827584,-1.78676643825433
4.986844955414784,-3.7409369313897782
-2.7631447772084536,-1.7036659220220727
-1.8226177086573536,-0.6533632872295325
3.7583697976629606,0.42053654991888684
-0.514525562866017,1.9094140594389597
1.817924647697,-2.397426409321501
1.3944815355396865,5.2868969475281515
3.8862833785722257,4.980931529778769
2.3440753829381116,-0.6028056179105505
-4.321282503940348,-0.4960149475892212
-2.555687530744926,4.222561655676764
2.6948737983379702,4.191892458845964
-2.4425861135261426,0.9319770320830607
-1.4695177854878814,3.339523309072974
2.126417755638939,3.292107785230309
4.065104138501634,2.2193726373951215
